translation_x,translation_y,translation_z,frame_numbers
0.0,0.004781,0.003283,frame_000000
0.0,-0.005185,0.002657,frame_000004
0.0,-0.00441,0.002818,frame_000008
0.0,0.004887,0.003557,frame_000012
0.0,0.020487,0.004666,frame_000016
0.0,0.040171,0.005939,frame_000020
0.0,0.061719,0.007166,frame_000024
0.0,0.080513,0.00765,frame_000028
0.0,0.096292,0.007896,frame_000032
0.0,0.108248,0.00774,frame_000036
0.0,0.11477,0.006789,frame_000040
0.0,0.115868,0.004897,frame_000044
0.0,0.114399,0.002963,frame_000048
0.0,0.112081,0.000881,frame_000052
0.0,0.11106,-0.001045,frame_000056
0.0,0.11106,-0.003112,frame_000060
0.0,0.11106,-0.004901,frame_000064
0.0,0.11106,-0.006464,frame_000068
0.0,0.11106,-0.00828,frame_000072
0.0,0.11106,-0.011191,frame_000076
0.0,0.11106,-0.014904,frame_000080
0.0,0.11106,-0.018663,frame_000084
0.0,0.11106,-0.021965,frame_000088
0.0,0.11106,-0.024215,frame_000092
0.0,0.11106,-0.024946,frame_000096
0.001041,0.11106,-0.024357,frame_000100
0.005224,0.11106,-0.022148,frame_000104
0.005771,0.11106,-0.018321,frame_000108
0.000837,0.11106,-0.012247,frame_000112
-0.01222,0.11106,-0.005362,frame_000116
-0.027292,0.11106,0.000566,frame_000120
-0.038254,0.11106,0.005613,frame_000124
-0.045105,0.11106,0.010147,frame_000128
-0.047845,0.11106,0.014414,frame_000132
-0.046475,0.11106,0.018286,frame_000136
-0.037134,0.11106,0.02188,frame_000140
-0.024712,0.11106,0.025447,frame_000144
-0.014117,0.11106,0.029081,frame_000148
-0.007194,0.11106,0.032608,frame_000152
-0.011466,0.11106,0.036079,frame_000156
-0.028689,0.11106,0.03973,frame_000160
-0.047581,0.11106,0.041534,frame_000164
-0.05857,0.11106,0.041648,frame_000168
-0.061995,0.11106,0.041254,frame_000172
-0.05994,0.11106,0.039868,frame_000176
-0.052404,0.11106,0.037702,frame_000180
-0.039387,0.11106,0.034363,frame_000184
-0.017029,0.11106,0.030961,frame_000188
-0.000103,0.11106,0.029145,frame_000192
0.005606,0.11106,0.029224,frame_000196
0.002181,0.11106,0.030961,frame_000200
-0.010379,0.11106,0.034558,frame_000204
-0.029182,0.11106,0.039865,frame_000208
-0.04386,0.11106,0.04578,frame_000212
-0.058385,0.11106,0.052575,frame_000216
-0.07154,0.11106,0.059601,frame_000220
-0.082107,0.11106,0.065907,frame_000224
-0.088868,0.11106,0.070627,frame_000228
-0.090605,0.11106,0.074048,frame_000232
-0.086099,0.11106,0.077166,frame_000236
-0.085996,0.11106,0.079435,frame_000240
-0.088884,0.11106,0.080429,frame_000244
-0.084961,0.11106,0.080088,frame_000248
-0.078224,0.11106,0.079253,frame_000252
-0.073996,0.11106,0.078508,frame_000256
-0.070347,0.11106,0.077915,frame_000260
-0.064271,0.110074,0.077738,frame_000264
-0.055455,0.103005,0.077814,frame_000268
-0.045116,0.108492,0.077715,frame_000272
-0.034473,0.118675,0.078351,frame_000276
-0.024744,0.120359,0.080384,frame_000280
-0.017146,0.127083,0.082664,frame_000284
-0.012594,0.138435,0.084584,frame_000288
-0.007524,0.152805,0.086319,frame_000292
0.001465,0.168585,0.088245,frame_000296
0.00437,0.184163,0.09023,frame_000300
0.002612,0.19793,0.092518,frame_000304
0.000521,0.208276,0.094389,frame_000308
0.0,0.21359,0.095142,frame_000312
0.000521,0.216086,0.094264,frame_000316
0.002612,0.227858,0.092375,frame_000320
0.00437,0.228983,0.090278,frame_000324
0.003548,0.22212,0.088299,frame_000328
-0.002223,0.22212,0.086606,frame_000332
-0.011953,0.22212,0.085468,frame_000336
-0.024423,0.22212,0.085118,frame_000340
-0.038415,0.22212,0.086106,frame_000344
-0.052712,0.22212,0.088005,frame_000348
-0.066095,0.22212,0.091092,frame_000352
-0.077347,0.22212,0.094312,frame_000356
-0.08525,0.22212,0.09722,frame_000360
-0.088585,0.22212,0.100066,frame_000364
-0.087667,0.22212,0.102402,frame_000368
-0.085501,0.22212,0.104078,frame_000372
-0.084017,0.22212,0.105811,frame_000376
-0.085947,0.22212,0.107432,frame_000380
-0.089958,0.22212,0.10869,frame_000384
-0.089021,0.22212,0.109524,frame_000388
-0.082907,0.22212,0.110288,frame_000392
-0.072835,0.22212,0.110862,frame_000396
-0.060022,0.22212,0.111642,frame_000400
-0.045687,0.22212,0.11253,frame_000404
-0.031048,0.22212,0.113246,frame_000408
-0.017322,0.22212,0.113224,frame_000412
-0.005727,0.22212,0.112991,frame_000416
0.002518,0.22212,0.112711,frame_000420
0.006196,0.22212,0.113107,frame_000424
0.004088,0.22212,0.113614,frame_000428
0.000373,0.22212,0.114261,frame_000432
0.0,0.22212,0.11491,frame_000436
0.0,0.22212,0.115828,frame_000440
0.0,0.22212,0.116885,frame_000444
0.0,0.22212,0.118258,frame_000448
0.0,0.22212,0.119645,frame_000452
0.0,0.22212,0.120709,frame_000456
0.0,0.22212,0.121321,frame_000460
0.0,0.22212,0.122083,frame_000464
0.0,0.22212,0.122775,frame_000468
0.0,0.22212,0.123424,frame_000472
0.0,0.22212,0.124014,frame_000476
0.0,0.22212,0.124496,frame_000480
0.0,0.22212,0.124873,frame_000484
0.0,0.22212,0.125073,frame_000488
0.0,0.22212,0.124839,frame_000492
0.0,0.22212,0.124254,frame_000496
0.0,0.22212,0.123381,frame_000500
0.0,0.22212,0.122106,frame_000504
0.0,0.22212,0.12039,frame_000508
0.0,0.22212,0.118266,frame_000512
0.0,0.22212,0.115869,frame_000516
0.0,0.22212,0.11349,frame_000520
0.0,0.22212,0.111397,frame_000524
0.0,0.22212,0.109832,frame_000528
0.0,0.22212,0.108804,frame_000532
0.0,0.22212,0.107953,frame_000536
0.0,0.22212,0.107276,frame_000540
0.0,0.22212,0.10693,frame_000544
0.0,0.22212,0.107003,frame_000548
0.0,0.22212,0.107507,frame_000552
0.0,0.22212,0.108379,frame_000556
0.0,0.22212,0.109637,frame_000560
0.0,0.22212,0.111322,frame_000564
0.0,0.22212,0.113538,frame_000568
0.0,0.22212,0.116412,frame_000572
0.0,0.22212,0.12012,frame_000576
0.0,0.22212,0.123559,frame_000580
0.0,0.22212,0.126207,frame_000584
0.0,0.22212,0.128072,frame_000588
0.0,0.22212,0.12913,frame_000592
0.0,0.22212,0.129343,frame_000596
0.0,0.22212,0.128742,frame_000600
0.0,0.22212,0.127423,frame_000604
0.0,0.22212,0.125554,frame_000608
0.0,0.22212,0.123367,frame_000612
0.0,0.22212,0.121162,frame_000616
0.0,0.22212,0.119273,frame_000620
0.0,0.22212,0.117726,frame_000624
0.0,0.22212,0.115945,frame_000628
0.0,0.22212,0.114307,frame_000632
0.0,0.22212,0.112607,frame_000636
0.0,0.22212,0.110479,frame_000640
0.0,0.22212,0.108878,frame_000644
0.0,0.22212,0.107699,frame_000648
0.0,0.22212,0.10611,frame_000652
0.0,0.22212,0.103666,frame_000656
0.0,0.22212,0.100013,frame_000660
0.0,0.22212,0.095266,frame_000664
0.0,0.22212,0.090693,frame_000668
0.0,0.22212,0.08574,frame_000672
0.0,0.22212,0.080311,frame_000676
0.0,0.22212,0.075519,frame_000680
0.0,0.22212,0.071294,frame_000684
-0.003861,0.22212,0.068383,frame_000688
-0.003722,0.218196,0.067014,frame_000692
0.000592,0.213847,0.066109,frame_000696
0.001568,0.216948,0.065504,frame_000700
0.011861,0.225503,0.065808,frame_000704
0.017246,0.232804,0.065542,frame_000708
0.025072,0.250778,0.065905,frame_000712
0.03503,0.27642,0.067502,frame_000716
0.045901,0.301413,0.06755,frame_000720
0.056468,0.336072,0.066034,frame_000724
0.065513,0.369414,0.063605,frame_000728
0.071817,0.404779,0.059473,frame_000732
0.074163,0.443541,0.054262,frame_000736
0.080761,0.484198,0.047753,frame_000740
0.084096,0.529626,0.040731,frame_000744
0.084346,0.58517,0.034886,frame_000748
0.088462,0.648516,0.030028,frame_000752
0.084017,0.722948,0.025582,frame_000756
0.084017,0.814388,0.022437,frame_000760
0.078825,0.918231,0.019568,frame_000764
0.077594,1.03157,0.015597,frame_000768
0.081995,1.166971,0.011462,frame_000772
0.090811,1.318774,0.007284,frame_000776
0.102824,1.496989,0.003567,frame_000780
0.116816,1.694892,0.001826,frame_000784
0.13157,1.91884,0.001844,frame_000788
0.145867,2.173426,0.004591,frame_000792
0.154628,2.46687,0.010238,frame_000796
0.161527,2.798678,0.017781,frame_000800
0.170253,3.15946,0.026882,frame_000804
0.17837,3.549062,0.036533,frame_000808
0.18435,3.965876,0.046094,frame_000812
0.197216,4.409586,0.055377,frame_000816
0.211893,4.886813,0.064087,frame_000820
0.226419,5.383869,0.072309,frame_000824
0.239574,5.892099,0.080564,frame_000828
0.25014,6.408952,0.087905,frame_000832
0.25171,6.953733,0.092948,frame_000836
0.252215,7.522682,0.098251,frame_000840
0.252111,8.109899,0.103576,frame_000844
0.258844,8.700469,0.110451,frame_000848
0.270857,9.300116,0.119149,frame_000852
0.28485,9.912414,0.130912,frame_000856
0.299603,10.530275,0.148062,frame_000860
0.3139,11.157192,0.168995,frame_000864
0.326522,11.783458,0.191674,frame_000868
0.33106,12.399389,0.21361,frame_000872
0.335447,13.006867,0.231887,frame_000876
0.340139,13.615874,0.243589,frame_000880
0.338415,14.224798,0.248783,frame_000884
0.348451,14.820439,0.24833,frame_000888
0.366844,15.402799,0.242482,frame_000892
0.390413,15.979939,0.233224,frame_000896
0.416723,16.554909,0.221874,frame_000900
0.439477,17.127114,0.211518,frame_000904
0.46113,17.692322,0.20355,frame_000908
0.484153,18.25002,0.196765,frame_000912
0.504892,18.805486,0.191132,frame_000916
0.520601,19.353084,0.186216,frame_000920
0.539086,19.90435,0.182066,frame_000924
0.550193,20.457291,0.178955,frame_000928
0.55654,21.000214,0.177263,frame_000932
0.572056,21.538618,0.176953,frame_000936
0.590449,22.074874,0.177868,frame_000940
0.608538,22.610762,0.179361,frame_000944
0.623886,23.142157,0.181453,frame_000948
0.630198,23.670731,0.183745,frame_000952
0.63981,24.190869,0.186094,frame_000956
0.656072,24.707293,0.189167,frame_000960
0.674465,25.215282,0.193406,frame_000964
0.692554,25.721434,0.198425,frame_000968
0.707903,26.226425,0.203731,frame_000972
0.718075,26.720393,0.209113,frame_000976
0.730517,27.213418,0.214778,frame_000980
0.743672,27.705886,0.22009,frame_000984
0.754239,28.197849,0.224073,frame_000988
0.755808,28.683081,0.226512,frame_000992
0.756313,29.1587,0.228245,frame_000996
0.756209,29.616387,0.2294,frame_001000
0.762943,30.071864,0.230434,frame_001004
0.774956,30.513726,0.231977,frame_001008
0.788948,30.943945,0.23406,frame_001012
0.803702,31.366005,0.236205,frame_001016
0.817998,31.768679,0.238369,frame_001020
0.83062,32.166625,0.240576,frame_001024
0.84035,32.555815,0.242721,frame_001028
0.843886,32.940559,0.244388,frame_001032
0.839672,33.322533,0.245219,frame_001036
0.83606,33.688673,0.245523,frame_001040
0.842075,34.039965,0.245529,frame_001044
0.852642,34.381845,0.245192,frame_001048
0.865797,34.717944,0.244217,frame_001052
0.880322,35.040091,0.242487,frame_001056
0.894999,35.352799,0.239961,frame_001060
0.908611,35.658425,0.236946,frame_001064
0.919939,35.962221,0.233673,frame_001068
0.923905,36.258381,0.229905,frame_001072
0.924181,36.541031,0.225939,frame_001076
0.924458,36.830414,0.221891,frame_001080
0.928424,37.109505,0.218064,frame_001084
0.939752,37.380326,0.214826,frame_001088
0.953363,37.651192,0.211927,frame_001092
0.968041,37.911788,0.208987,frame_001096
0.982566,38.166728,0.205263,frame_001100
0.995721,38.425941,0.200214,frame_001104
1.006287,38.680718,0.193624,frame_001108
1.007857,38.943164,0.185742,frame_001112
1.008362,39.203798,0.177038,frame_001116
1.008258,39.453142,0.168389,frame_001120
1.014991,39.711361,0.160074,frame_001124
1.027004,39.968976,0.151782,frame_001128
1.040996,40.216509,0.143959,frame_001132
1.05575,40.468248,0.137225,frame_001136
1.070047,40.731908,0.131649,frame_001140
1.082669,40.986686,0.127064,frame_001144
1.087207,41.244683,0.122693,frame_001148
1.091594,41.511272,0.118387,frame_001152
1.096285,41.779634,0.113212,frame_001156
1.099753,42.048808,0.107827,frame_001160
1.11102,42.310088,0.102763,frame_001164
1.125012,42.578503,0.09853,frame_001168
1.139766,42.852206,0.093959,frame_001172
1.154063,43.114391,0.088748,frame_001176
1.166685,43.374986,0.083394,frame_001180
1.176414,43.640794,0.079242,frame_001184
1.182033,43.917919,0.07577,frame_001188
1.182324,44.183948,0.073208,frame_001192
1.176229,44.449374,0.071495,frame_001196
1.170135,44.719025,0.07048,frame_001200
1.170426,44.989636,0.069582,frame_001204
1.176045,45.257961,0.069256,frame_001208
1.185774,45.535076,0.068862,frame_001212
1.198396,45.824651,0.068515,frame_001216
1.212693,46.105388,0.067644,frame_001220
1.227446,46.380958,0.06684,frame_001224
1.241438,46.657333,0.066402,frame_001228
1.253452,46.937733,0.065973,frame_001232
1.260185,47.221555,0.064886,frame_001236
1.260081,47.503417,0.063631,frame_001240
1.260586,47.785326,0.061733,frame_001244
1.264238,48.062406,0.060154,frame_001248
1.275449,48.337875,0.058933,frame_001252
1.284037,48.621816,0.058026,frame_001256
1.294908,48.905354,0.057174,frame_001260
1.306845,49.181398,0.057357,frame_001264
1.318629,49.446704,0.057986,frame_001268
1.329044,49.709596,0.059507,frame_001272
1.33687,49.973292,0.061755,frame_001276
1.340891,50.241999,0.06496,frame_001280
1.339887,50.524035,0.068901,frame_001284
1.338767,50.809082,0.073414,frame_001288
1.342421,51.087706,0.078862,frame_001292
1.34907,51.363578,0.085849,frame_001296
1.352931,51.642669,0.093925,frame_001300
1.349112,51.927001,0.102359,frame_001304
1.342351,52.204645,0.110274,frame_001308
1.331784,52.482309,0.117525,frame_001312
1.317883,52.769452,0.123615,frame_001316
1.29801,53.055588,0.129017,frame_001320
1.283623,53.340113,0.134003,frame_001324
1.27563,53.626248,0.139399,frame_001328
1.274031,53.916144,0.14484,frame_001332
1.278827,54.199763,0.150733,frame_001336
1.290017,54.474126,0.157251,frame_001340
1.307601,54.745203,0.164117,frame_001344
1.325453,55.016666,0.171114,frame_001348
1.337466,55.28028,0.177406,frame_001352
1.346282,55.540875,0.183201,frame_001356
1.350683,55.803282,0.187986,frame_001360
1.348705,56.07113,0.19184,frame_001364
1.338166,56.334102,0.194311,frame_001368
1.338456,56.605618,0.195344,frame_001372
1.344075,56.88342,0.195429,frame_001376
1.353805,57.16424,0.193597,frame_001380
1.366427,57.444813,0.19077,frame_001384
1.380723,57.728755,0.187368,frame_001388
1.395477,58.012292,0.183579,frame_001392
1.409469,58.288337,0.180165,frame_001396
1.421482,58.554629,0.177036,frame_001400
1.430298,58.82459,0.174647,frame_001404
1.434699,59.087902,0.172289,frame_001408
1.433467,59.349182,0.170408,frame_001412
1.426193,59.618356,0.168618,frame_001416
1.421688,59.886718,0.166888,frame_001420
1.423425,60.146444,0.164913,frame_001424
1.430185,60.405566,0.16261,frame_001428
1.440752,60.672116,0.160684,frame_001432
1.453907,60.938272,0.15886,frame_001436
1.468432,61.198078,0.157466,frame_001440
1.483109,61.461912,0.156664,frame_001444
1.496721,61.724136,0.155603,frame_001448
1.508049,61.990121,0.155003,frame_001452
1.515875,62.253049,0.154786,frame_001456
1.518982,62.51316,0.154828,frame_001460
1.516152,62.775824,0.154501,frame_001464
1.512291,63.034224,0.154236,frame_001468
1.512291,63.289585,0.154405,frame_001472
1.510208,63.553445,0.155007,frame_001476
1.505703,63.810609,0.155781,frame_001480
1.50744,64.066715,0.157106,frame_001484
1.514201,64.321209,0.158942,frame_001488
1.524768,64.570223,0.161486,frame_001492
1.537922,64.819607,0.164622,frame_001496
1.552447,65.068613,0.16839,frame_001500
1.567125,65.317256,0.172347,frame_001504
1.580736,65.568771,0.176182,frame_001508
1.592064,65.833458,0.179653,frame_001512
1.599891,66.101204,0.183721,frame_001516
1.608189,66.363867,0.187805,frame_001520
1.60659,66.6328,0.191533,frame_001524
1.598329,66.905455,0.1943,frame_001528
1.58373,67.17101,0.195773,frame_001532
1.571272,67.430555,0.196118,frame_001536
1.562315,67.694639,0.195877,frame_001540
1.55686,67.96925,0.195175,frame_001544
1.554906,68.238706,0.194126,frame_001548
1.556453,68.519389,0.193071,frame_001552
1.561503,68.807693,0.193085,frame_001556
1.570054,69.095441,0.194598,frame_001560
1.582106,69.378426,0.197961,frame_001564
1.596752,69.661932,0.202869,frame_001568
1.598673,69.943816,0.208402,frame_001572
1.595397,70.224465,0.213387,frame_001576
1.592722,70.496849,0.217354,frame_001580
1.600548,70.778757,0.219787,frame_001584
1.611876,71.066701,0.220674,frame_001588
1.623926,71.361759,0.220347,frame_001592
1.63389,71.659018,0.218961,frame_001596
1.649416,71.957339,0.216755,frame_001600
1.668748,72.252852,0.214827,frame_001604
1.689451,72.549483,0.213753,frame_001608
1.709087,72.848709,0.213497,frame_001612
1.725222,73.153718,0.213522,frame_001616
1.731559,73.445803,0.213104,frame_001620
1.740435,73.735274,0.212756,frame_001624
1.7552,74.020116,0.211903,frame_001628
1.771335,74.30194,0.210436,frame_001632
1.786404,74.582355,0.207856,frame_001636
1.797972,74.862971,0.205323,frame_001640
1.808196,75.14135,0.202543,frame_001644
1.822721,75.418877,0.199958,frame_001648
1.835876,75.703384,0.197748,frame_001652
1.846442,75.993727,0.195675,frame_001656
1.852457,76.292502,0.192726,frame_001660
1.848846,76.602595,0.188303,frame_001664
1.844631,76.898372,0.183224,frame_001668
1.848168,77.187105,0.178456,frame_001672
1.857897,77.470404,0.173677,frame_001676
1.870519,77.74988,0.16909,frame_001680
1.884816,78.027142,0.163995,frame_001684
1.897486,78.3038,0.159705,frame_001688
1.906973,78.586568,0.155413,frame_001692
1.920723,78.87059,0.151528,frame_001696
1.9363,79.15099,0.147731,frame_001700
1.951268,79.430987,0.143976,frame_001704
1.963191,79.713802,0.140976,frame_001708
1.972524,79.998832,0.139304,frame_001712
1.987201,80.275591,0.138864,frame_001716
2.000813,80.553537,0.139646,frame_001720
2.012141,80.839378,0.140943,frame_001724
2.019967,81.121186,0.142178,frame_001728
2.023074,81.407845,0.142042,frame_001732
2.020244,81.693229,0.140667,frame_001736
2.016383,81.983901,0.138279,frame_001740
2.016383,82.268419,0.135003,frame_001744
2.016383,82.531985,0.130486,frame_001748
2.016383,82.776937,0.125804,frame_001752
2.016383,82.993205,0.122212,frame_001756
2.016383,83.173812,0.120105,frame_001760
2.016383,83.316074,0.118675,frame_001764
2.017128,83.421603,0.11841,frame_001768
2.022477,83.492478,0.119344,frame_001772
2.022186,83.525191,0.121006,frame_001776
2.016567,83.538283,0.122477,frame_001780
2.006838,83.53378,0.123881,frame_001784
1.994216,83.528539,0.125776,frame_001788
1.979919,83.524158,0.12755,frame_001792
1.965166,83.516377,0.128993,frame_001796
1.951173,83.512691,0.130497,frame_001800
1.93916,83.509922,0.131611,frame_001804
1.930344,83.513727,0.132081,frame_001808
1.925943,83.521219,0.131999,frame_001812
1.927175,83.53059,0.132026,frame_001816
1.932367,83.546768,0.131673,frame_001820
1.932367,83.567994,0.130659,frame_001824
1.932367,83.59564,0.129888,frame_001828
1.932366,83.63422,0.129809,frame_001832
1.932366,83.680666,0.130331,frame_001836
1.932366,83.739005,0.132521,frame_001840
1.932366,83.793339,0.136938,frame_001844
1.932366,83.851402,0.142904,frame_001848
1.932366,83.915787,0.149806,frame_001852
1.932366,83.986494,0.157826,frame_001856
1.932366,84.061892,0.166913,frame_001860
1.932366,84.135722,0.17656,frame_001864
1.932366,84.216742,0.186271,frame_001868
1.932366,84.306892,0.195194,frame_001872
1.932366,84.398669,0.204377,frame_001876
1.930284,84.498362,0.212962,frame_001880
1.929639,84.604675,0.219675,frame_001884
1.929015,84.725121,0.225536,frame_001888
1.931437,84.839345,0.230583,frame_001892
1.938578,84.957815,0.23375,frame_001896
1.949221,85.074894,0.235168,frame_001900
1.962147,85.195862,0.23501,frame_001904
1.97614,85.320203,0.233734,frame_001908
1.98998,85.443688,0.231477,frame_001912
2.002449,85.569541,0.228705,frame_001916
2.012331,85.706424,0.224374,frame_001920
2.018407,85.849071,0.219448,frame_001924
2.019458,86.002585,0.21373,frame_001928
2.020393,86.166966,0.206762,frame_001932
2.017128,86.334153,0.200099,frame_001936
2.016382,86.501093,0.194108,frame_001940
2.016382,86.673487,0.188777,frame_001944
2.016382,86.848115,0.184715,frame_001948
2.016381,87.01666,0.181857,frame_001952
2.016381,87.189438,0.180182,frame_001956
2.016381,87.355958,0.179376,frame_001960
2.016381,87.527307,0.179117,frame_001964
2.016381,87.714575,0.177767,frame_001968
2.016381,87.905083,0.175488,frame_001972
2.016381,88.088904,0.172225,frame_001976
2.016381,88.274745,0.167998,frame_001980
2.016381,88.45758,0.163617,frame_001984
2.016381,88.641018,0.159436,frame_001988
2.016381,88.82867,0.155663,frame_001992
2.01119,89.01431,0.15264,frame_001996
2.009958,89.195319,0.149633,frame_002000
2.014359,89.373862,0.147363,frame_002004
2.023175,89.54591,0.14651,frame_002008
2.035188,89.728267,0.14604,frame_002012
2.04918,89.911007,0.146125,frame_002016
2.063933,90.081451,0.146522,frame_002020
2.07823,90.250687,0.147131,frame_002024
2.094712,90.429805,0.147441,frame_002028
2.107272,90.607111,0.147263,frame_002032
2.109784,90.778845,0.147402,frame_002036
2.102248,90.953435,0.147412,frame_002040
2.085572,91.13225,0.147082,frame_002044
2.071214,91.310462,0.146654,frame_002048
2.056537,91.483241,0.14682,frame_002052
2.042012,91.658819,0.147539,frame_002056
2.028857,91.833527,0.147734,frame_002060
2.01829,92.001393,0.147863,frame_002064
2.011529,92.159411,0.148132,frame_002068
2.009792,92.31441,0.148281,frame_002072
2.014297,92.47322,0.148076,frame_002076
2.01638,92.632835,0.147664,frame_002080
2.01638,92.790035,0.147222,frame_002084
2.01638,92.949697,0.146349,frame_002088
2.01638,93.116677,0.145131,frame_002092
2.01638,93.284259,0.144813,frame_002096
2.01638,93.450836,0.144163,frame_002100
2.01638,93.614796,0.144201,frame_002104
2.01638,93.77453,0.144745,frame_002108
2.02024,93.928428,0.145988,frame_002112
2.023071,94.07488,0.147791,frame_002116
2.019963,94.216098,0.149143,frame_002120
2.008276,94.364178,0.149877,frame_002124
1.994864,94.512259,0.149659,frame_002128
1.987625,94.660339,0.148334,frame_002132
1.975979,94.808419,0.146618,frame_002136
1.968899,94.9565,0.144732,frame_002140
1.966387,95.101827,0.142944,frame_002144
1.968443,95.243952,0.140812,frame_002148
1.975065,95.394328,0.139585,frame_002152
1.986255,95.551346,0.138742,frame_002156
2.002011,95.713394,0.137357,frame_002160
2.012453,95.878864,0.13588,frame_002164
2.016702,96.043392,0.133889,frame_002168
2.015622,96.204919,0.131419,frame_002172
2.017878,96.373288,0.129435,frame_002176
2.020239,96.54528,0.127204,frame_002180
2.016379,96.712571,0.124552,frame_002184
2.017125,96.878406,0.12181,frame_002188
2.022473,97.046053,0.118105,frame_002192
2.022182,97.218778,0.113937,frame_002196
2.015817,97.392963,0.109787,frame_002200
2.00074,97.572382,0.104643,frame_002204
1.988408,97.756028,0.099264,frame_002208
1.97973,97.932208,0.095142,frame_002212
1.974706,98.108187,0.091826,frame_002216
1.973336,98.284343,0.089445,frame_002220
1.97562,98.467789,0.088078,frame_002224
1.981557,98.649982,0.087358,frame_002228
1.991148,98.838018,0.086718,frame_002232
2.005139,99.037125,0.086153,frame_002236
2.024494,99.235316,0.085277,frame_002240
2.028605,99.431833,0.084501,frame_002244
2.021008,99.627491,0.083893,frame_002248
2.000739,99.83312,0.083159,frame_002252
1.992268,100.035124,0.083481,frame_002256
1.986421,100.236135,0.084108,frame_002260
1.97829,100.436542,0.084797,frame_002264
1.969093,100.636735,0.085304,frame_002268
1.960049,100.833469,0.085269,frame_002272
1.952375,101.03141,0.085027,frame_002276
1.947288,101.235226,0.083808,frame_002280
1.946008,101.434594,0.082095,frame_002284
1.946861,101.635773,0.08053,frame_002288
1.940695,101.839919,0.079101,frame_002292
1.932702,102.049051,0.07856,frame_002296
1.925774,102.256061,0.07919,frame_002300
1.930279,102.465065,0.080639,frame_002304
1.932361,102.680534,0.082747,frame_002308
1.932361,102.895261,0.08568,frame_002312
1.932361,103.111234,0.088775,frame_002316
1.932361,103.31772,0.091584,frame_002320
1.932361,103.527941,0.094381,frame_002324
1.932361,103.736999,0.096472,frame_002328
1.932361,103.95238,0.098087,frame_002332
1.932361,104.167761,0.099635,frame_002336
1.932361,104.376819,0.101108,frame_002340
1.932361,104.58704,0.102666,frame_002344
1.932361,104.793526,0.104259,frame_002348
1.9285,105.004395,0.105697,frame_002352
1.92567,105.221257,0.107203,frame_002356
1.928777,105.435393,0.108558,frame_002360
1.936603,105.654412,0.109646,frame_002364
1.947931,105.869049,0.110491,frame_002368
1.961542,106.08742,0.11152,frame_002372
1.97622,106.304629,0.112311,frame_002376
1.990745,106.521084,0.11315,frame_002380
2.003899,106.733579,0.11398,frame_002384
2.014466,106.94121,0.115067,frame_002388
2.021227,107.15584,0.116368,frame_002392
2.022963,107.370961,0.117448,frame_002396
2.018458,107.598185,0.118408,frame_002400
2.016376,107.82517,0.118849,frame_002404
2.016376,108.053362,0.118797,frame_002408
2.016376,108.284208,0.118367,frame_002412
2.01563,108.505367,0.118166,frame_002416
2.010281,108.728449,0.118455,frame_002420
2.010572,108.946947,0.119357,frame_002424
2.016191,109.160861,0.120896,frame_002428
2.02592,109.376698,0.123084,frame_002432
2.038542,109.587951,0.125792,frame_002436
2.052839,109.806484,0.128816,frame_002440
2.067592,110.031391,0.131199,frame_002444
2.081584,110.259467,0.13323,frame_002448
2.093597,110.479257,0.13466,frame_002452
2.102413,110.696029,0.135373,frame_002456
2.106814,110.909945,0.135448,frame_002460
2.104836,111.123094,0.134898,frame_002464
2.094296,111.33564,0.133782,frame_002468
2.094587,111.547745,0.13315,frame_002472
2.100952,111.761498,0.132727,frame_002476
2.113947,111.977062,0.132529,frame_002480
2.121773,112.194601,0.132626,frame_002484
2.132187,112.416202,0.133184,frame_002488
2.143972,112.64203,0.133833,frame_002492
2.155909,112.869253,0.134979,frame_002496
2.16678,113.090422,0.136455,frame_002500
2.175367,113.304638,0.137958,frame_002504
2.180453,113.527333,0.139465,frame_002508
2.18082,113.746168,0.140694,frame_002512
2.178141,113.962587,0.142098,frame_002516
2.181566,114.178038,0.144081,frame_002520
2.185159,114.392042,0.146277,frame_002524
2.182172,114.606047,0.148529,frame_002528
2.182462,114.821497,0.151038,frame_002532
2.186466,115.037917,0.153692,frame_002536
2.197204,115.259504,0.156032,frame_002540
2.20225,115.483051,0.158275,frame_002544
2.205585,115.697106,0.160522,frame_002548
2.212117,115.910757,0.162539,frame_002552
2.220629,116.129776,0.164436,frame_002556
2.229901,116.342925,0.166279,frame_002560
2.238717,116.555471,0.168248,frame_002564
2.245859,116.772679,0.170162,frame_002568
2.250107,116.983311,0.172091,frame_002572
2.253137,117.193139,0.174055,frame_002576
2.264098,117.40615,0.17606,frame_002580
2.268825,117.625417,0.178113,frame_002584
2.275007,117.853448,0.179946,frame_002588
2.266642,118.073427,0.181824,frame_002592
2.261729,118.288111,0.183561,frame_002596
2.264835,118.507149,0.185017,frame_002600
2.272662,118.724309,0.186402,frame_002604
2.28399,118.949641,0.187704,frame_002608
2.297601,119.166188,0.188902,frame_002612
2.312278,119.386378,0.189843,frame_002616
2.326803,119.592982,0.190556,frame_002620
2.339958,119.806021,0.190999,frame_002624
2.350524,120.019757,0.191032,frame_002628
2.357285,120.227257,0.190736,frame_002632
2.359022,120.433023,0.189934,frame_002636
2.354517,120.633402,0.188689,frame_002640
2.352434,120.828673,0.186884,frame_002644
2.352434,121.026142,0.184813,frame_002648
2.352434,121.210726,0.182783,frame_002652
2.352434,121.387202,0.180561,frame_002656
2.352434,121.545051,0.178192,frame_002660
2.347243,121.708738,0.174981,frame_002664
2.346011,121.871788,0.170962,frame_002668
2.350412,122.039676,0.166771,frame_002672
2.359227,122.209071,0.162356,frame_002676
2.37124,122.371587,0.15775,frame_002680
2.385232,122.534124,0.152825,frame_002684
2.399986,122.69178,0.14768,frame_002688
2.414282,122.838985,0.142596,frame_002692
2.426904,122.984253,0.137775,frame_002696
2.436634,123.118153,0.132845,frame_002700
2.442252,123.237953,0.12749,frame_002704
2.442543,123.358366,0.122481,frame_002708
2.437195,123.482117,0.118093,frame_002712
2.436449,123.60359,0.114689,frame_002716
2.436449,123.728065,0.113119,frame_002720
2.436449,123.855565,0.11198,frame_002724
2.436449,123.973138,0.111347,frame_002728
2.436449,124.080515,0.11198,frame_002732
2.436449,124.175161,0.113849,frame_002736
2.436449,124.249408,0.116629,frame_002740
2.436449,124.30948,0.119963,frame_002744
2.436449,124.355127,0.123741,frame_002748
2.436449,124.388945,0.127762,frame_002752
2.436449,124.417979,0.132727,frame_002756
2.431257,124.435608,0.138341,frame_002760
2.430025,124.449255,0.143792,frame_002764
2.430566,124.462702,0.148965,frame_002768
2.435805,124.477942,0.153035,frame_002772
2.445577,124.490164,0.157132,frame_002776
2.464791,124.494554,0.161815,frame_002780
2.488139,124.500957,0.1665,frame_002784
2.524097,124.506152,0.171329,frame_002788
2.566713,124.515017,0.177193,frame_002792
2.612323,124.533392,0.18348,frame_002796
2.670889,124.55691,0.189556,frame_002800
2.743274,124.569972,0.19631,frame_002804
2.825985,124.582833,0.202798,frame_002808
2.921348,124.593883,0.208314,frame_002812
3.026202,124.601512,0.213313,frame_002816
3.141765,124.605096,0.217591,frame_002820
3.273633,124.608122,0.221521,frame_002824
3.415792,124.603541,0.224945,frame_002828
3.565364,124.598226,0.22791,frame_002832
3.731487,124.588685,0.230797,frame_002836
3.905684,124.576528,0.23367,frame_002840
4.083798,124.563365,0.236071,frame_002844
4.273581,124.546984,0.238241,frame_002848
4.468807,124.523384,0.240561,frame_002852
4.673741,124.507504,0.242604,frame_002856
4.884778,124.495851,0.24424,frame_002860
5.103203,124.490033,0.24602,frame_002864
5.323678,124.491662,0.247823,frame_002868
5.555574,124.498524,0.249525,frame_002872
5.793343,124.498525,0.251333,frame_002876
6.031765,124.498525,0.253356,frame_002880
6.277269,124.498525,0.255256,frame_002884
6.524663,124.498525,0.256739,frame_002888
6.769546,124.498525,0.258138,frame_002892
7.013176,124.501278,0.259217,frame_002896
7.263187,124.507234,0.259979,frame_002900
7.52465,124.499062,0.26031,frame_002904
7.789884,124.495566,0.260352,frame_002908
8.05918,124.487032,0.260652,frame_002912
8.332979,124.473869,0.260763,frame_002916
8.614035,124.457688,0.260446,frame_002920
8.898376,124.440097,0.260283,frame_002924
9.176388,124.422708,0.260426,frame_002928
9.456043,124.40713,0.260792,frame_002932
9.73545,124.394974,0.261571,frame_002936
10.016518,124.387848,0.262984,frame_002940
10.297351,124.387364,0.264821,frame_002944
10.584544,124.387034,0.266878,frame_002948
10.872434,124.381593,0.268994,frame_002952
11.165804,124.38747,0.271193,frame_002956
11.463314,124.387471,0.273482,frame_002960
11.761419,124.387471,0.27514,frame_002964
12.054922,124.387471,0.276145,frame_002968
12.348862,124.387472,0.276743,frame_002972
12.649467,124.387472,0.277223,frame_002976
12.946077,124.387473,0.2776,frame_002980
13.245747,124.387473,0.278234,frame_002984
13.550622,124.387474,0.279476,frame_002988
13.856762,124.387474,0.280926,frame_002992
14.163324,124.387475,0.282242,frame_002996
14.470287,124.387476,0.283163,frame_003000
14.783494,124.390229,0.283923,frame_003004
15.097447,124.396185,0.284457,frame_003008
15.411855,124.39389,0.284993,frame_003012
15.733349,124.384953,0.28602,frame_003016
16.056208,124.370986,0.287226,frame_003020
16.38227,124.353597,0.288751,frame_003024
16.703729,124.334397,0.29061,frame_003028
17.026879,124.314996,0.292481,frame_003032
17.353992,124.297004,0.294274,frame_003036
17.676047,124.28203,0.29565,frame_003040
17.998116,124.271685,0.296671,frame_003044
18.327357,124.267579,0.297508,frame_003048
18.655834,124.274074,0.298534,frame_003052
18.983094,124.285133,0.299873,frame_003056
19.311572,124.282838,0.30205,frame_003060
19.640812,124.273902,0.305047,frame_003064
19.962882,124.259935,0.308208,frame_003068
20.284191,124.242546,0.311399,frame_003072
20.605956,124.223347,0.314496,frame_003076
20.933257,124.203946,0.316994,frame_003080
21.262419,124.185953,0.318813,frame_003084
21.589755,124.17098,0.320304,frame_003088
21.9177,124.160635,0.321555,frame_003092
22.247782,124.156529,0.323036,frame_003096
22.570979,124.160272,0.324575,frame_003100
22.892363,124.165376,0.325977,frame_003104
23.2139,124.165377,0.327722,frame_003108
23.536807,124.165378,0.329266,frame_003112
23.862303,124.165379,0.330255,frame_003116
24.191604,124.16538,0.330551,frame_003120
24.525929,124.165381,0.33015,frame_003124
24.866496,124.165382,0.328962,frame_003128
25.20464,124.165383,0.326882,frame_003132
25.540702,124.168137,0.324166,frame_003136
25.876764,124.174094,0.321222,frame_003140
26.212826,124.171799,0.318558,frame_003144
26.548888,124.162864,0.315965,frame_003148
26.884949,124.148897,0.313656,frame_003152
27.221011,124.131509,0.31171,frame_003156
27.557073,124.112309,0.309954,frame_003160
27.893135,124.092909,0.308668,frame_003164
28.229197,124.074917,0.307946,frame_003168
28.565259,124.059944,0.307538,frame_003172
28.901321,124.049599,0.307515,frame_003176
29.237383,124.045494,0.307806,frame_003180
29.573445,124.049237,0.308116,frame_003184
29.909507,124.054341,0.30885,frame_003188
30.245569,124.054343,0.309856,frame_003192
30.583713,124.057097,0.310751,frame_003196
30.92428,124.063053,0.311465,frame_003200
31.258605,124.060759,0.311808,frame_003204
31.587906,124.051823,0.312222,frame_003208
31.913401,124.037857,0.312915,frame_003212
32.236308,124.020469,0.313858,frame_003216
32.557845,124.001269,0.314686,frame_003220
32.87923,123.981869,0.315461,frame_003224
33.201681,123.963877,0.3162,frame_003228
33.528497,123.948905,0.316671,frame_003232
33.861238,123.93856,0.317166,frame_003236
34.192456,123.934455,0.31753,frame_003240
34.524587,123.938198,0.317847,frame_003244
34.853943,123.943303,0.318081,frame_003248
35.17685,123.943304,0.317952,frame_003252
35.498387,123.943306,0.317725,frame_003256
35.819772,123.943307,0.317401,frame_003260
36.142222,123.943309,0.317255,frame_003264
36.466956,123.94331,0.317265,frame_003268
36.795192,123.943312,0.317348,frame_003272
37.128147,123.943314,0.317535,frame_003276
37.467039,123.943316,0.318081,frame_003280
37.806961,123.943317,0.318856,frame_003284
38.143023,123.943319,0.319579,frame_003288
38.479085,123.943321,0.320472,frame_003292
38.815147,123.943322,0.321334,frame_003296
39.155654,123.943324,0.32112,frame_003300
39.4876,123.943326,0.320464,frame_003304
39.819551,123.943328,0.319683,frame_003308
40.152416,123.950192,0.319767,frame_003312
40.486194,123.951822,0.320927,frame_003316
40.820886,123.946007,0.323376,frame_003320
41.156491,123.934355,0.327537,frame_003324
41.49301,123.918476,0.33296,frame_003328
41.830442,123.899982,0.339129,frame_003332
42.168788,123.880481,0.345808,frame_003336
42.508047,123.861584,0.352759,frame_003340
42.848219,123.844901,0.359093,frame_003344
43.188397,123.832042,0.363966,frame_003348
43.520014,123.824616,0.367712,frame_003352
43.856075,123.824234,0.370666,frame_003356
44.192137,123.831306,0.373198,frame_003360
44.528199,123.832294,0.375314,frame_003364
44.864261,123.832296,0.377366,frame_003368
45.200323,123.832298,0.379515,frame_003372
45.536385,123.8323,0.381578,frame_003376
45.872447,123.832302,0.383742,frame_003380
46.208508,123.832304,0.385806,frame_003384
46.54457,123.832306,0.387586,frame_003388
46.880632,123.832308,0.389035,frame_003392
47.216694,123.83231,0.389963,frame_003396
47.552756,123.832312,0.389823,frame_003400
47.888818,123.832315,0.388791,frame_003404
48.22488,123.832317,0.386783,frame_003408
48.563024,123.832319,0.38381,frame_003412
48.903591,123.832322,0.380731,frame_003416
49.237916,123.839186,0.376955,frame_003420
49.567217,123.840817,0.37314,frame_003424
49.892713,123.835002,0.370099,frame_003428
50.21562,123.82335,0.36819,frame_003432
50.539239,123.807472,0.367624,frame_003436
50.865129,123.788978,0.368033,frame_003440
51.185843,123.769478,0.369305,frame_003444
51.503816,123.750582,0.370839,frame_003448
51.825346,123.733899,0.372833,frame_003452
52.143531,123.72104,0.374914,frame_003456
52.468907,123.713614,0.376722,frame_003460
52.790437,123.713233,0.378024,frame_003464
53.109947,123.720305,0.378138,frame_003468
53.424585,123.721293,0.378297,frame_003472
53.738973,123.721295,0.379023,frame_003476
54.052621,123.721297,0.380041,frame_003480
54.368129,123.7213,0.381619,frame_003484
54.674006,123.721302,0.383336,frame_003488
54.974515,123.721304,0.385391,frame_003492
55.27132,123.721306,0.387639,frame_003496
55.571819,123.721309,0.390314,frame_003500
55.86032,123.721311,0.392325,frame_003504
56.15285,123.721313,0.393702,frame_003508
56.435892,123.721315,0.394511,frame_003512
56.717874,123.721317,0.394504,frame_003516
56.993869,123.72132,0.393992,frame_003520
57.264683,123.721322,0.39301,frame_003524
57.528508,123.721324,0.39187,frame_003528
57.79054,123.721326,0.391251,frame_003532
58.045743,123.721328,0.390994,frame_003536
58.302052,123.72133,0.390692,frame_003540
58.553287,123.721332,0.390568,frame_003544
58.799002,123.721334,0.390619,frame_003548
59.03615,123.721336,0.390157,frame_003552
59.277444,123.721338,0.389488,frame_003556
59.515374,123.72134,0.388538,frame_003560
59.755421,123.721342,0.387095,frame_003564
59.994811,123.724097,0.385086,frame_003568
60.229024,123.730054,0.383059,frame_003572
60.465508,123.72776,0.381352,frame_003576
60.702704,123.718825,0.379887,frame_003580
60.937312,123.704859,0.378528,frame_003584
61.168114,123.687471,0.377247,frame_003588
61.395975,123.668273,0.376281,frame_003592
61.620016,123.648873,0.375411,frame_003596
61.840238,123.630881,0.374361,frame_003600
62.057519,123.615909,0.373067,frame_003604
62.274854,123.605565,0.37167,frame_003608
62.489317,123.60146,0.3701,frame_003612
62.703157,123.605203,0.3683,frame_003616
62.91277,123.610308,0.366738,frame_003620
63.119221,123.61031,0.36559,frame_003624
63.316051,123.610312,0.364662,frame_003628
63.493921,123.610313,0.363581,frame_003632
63.646744,123.610315,0.362198,frame_003636
63.771675,123.610316,0.359984,frame_003640
63.862998,123.610317,0.357117,frame_003644
63.918256,123.608941,0.353774,frame_003648
63.946994,123.603412,0.34964,frame_003652
63.958143,123.602689,0.34557,frame_003656
63.954,123.610588,0.341694,frame_003660
63.946223,123.628274,0.338313,frame_003664
63.937857,123.645179,0.33583,frame_003668
63.935775,123.657253,0.334687,frame_003672
63.935775,123.664498,0.334751,frame_003676
63.931103,123.666913,0.335253,frame_003680
63.927535,123.664498,0.335975,frame_003684
63.926602,123.657253,0.336744,frame_003688
63.935204,123.645179,0.337689,frame_003692
63.947729,123.628274,0.338786,frame_003696
63.968858,123.610588,0.339946,frame_003700
63.993998,123.60269,0.341242,frame_003704
64.027183,123.603413,0.342502,frame_003708
64.074176,123.608942,0.343583,frame_003712
64.127983,123.610319,0.344253,frame_003716
64.189419,123.61032,0.345056,frame_003720
64.26153,123.61032,0.345812,frame_003724
64.336244,123.610321,0.346349,frame_003728
64.412586,123.610322,0.346905,frame_003732
64.499027,123.610322,0.347701,frame_003736
64.597345,123.610323,0.348582,frame_003740
64.699482,123.610324,0.35003,frame_003744
64.807689,123.610325,0.35208,frame_003748
64.91601,123.610326,0.354225,frame_003752
65.025704,123.610327,0.356561,frame_003756
65.145301,123.610328,0.358787,frame_003760
65.263002,123.610329,0.360784,frame_003764
65.390599,123.61033,0.36299,frame_003768
65.528549,123.610331,0.365101,frame_003772
65.659341,123.610332,0.367329,frame_003776
65.789622,123.610333,0.36972,frame_003780
65.929523,123.610335,0.37242,frame_003784
66.078117,123.610336,0.375135,frame_003788
66.226676,123.610337,0.378246,frame_003792
66.380569,123.610339,0.381184,frame_003796
66.531645,123.61034,0.383495,frame_003800
66.677272,123.610341,0.385137,frame_003804
66.827345,123.610343,0.386297,frame_003808
66.974672,123.610344,0.387151,frame_003812
67.128698,123.610345,0.38777,frame_003816
67.287533,123.610347,0.388184,frame_003820
67.447863,123.610348,0.388579,frame_003824
67.611592,123.61035,0.389119,frame_003828
67.778503,123.610351,0.390242,frame_003832
67.957932,123.611339,0.391643,frame_003836
68.138134,123.61841,0.393619,frame_003840
68.324558,123.618028,0.395717,frame_003844
68.51003,123.609616,0.397692,frame_003848
68.697666,123.592439,0.399271,frame_003852
68.891772,123.576992,0.400293,frame_003856
69.091052,123.559486,0.400388,frame_003860
69.303357,123.548017,0.39984,frame_003864
69.518056,123.542585,0.398851,frame_003868
69.732097,123.543191,0.397831,frame_003872
69.941535,123.552587,0.397242,frame_003876
70.152664,123.571223,0.397787,frame_003880
70.372948,123.586659,0.39893,frame_003884
70.588379,123.592962,0.401198,frame_003888
70.810758,123.594349,0.404593,frame_003892
71.022841,123.587328,0.408554,frame_003896
71.222411,123.566573,0.412235,frame_003900
71.403022,123.551233,0.414874,frame_003904
71.558585,123.540633,0.416285,frame_003908
71.682324,123.539427,0.416549,frame_003912
71.762178,123.544862,0.41584,frame_003916
71.81255,123.556937,0.414399,frame_003920
71.840969,123.575653,0.412972,frame_003924
71.855149,123.592914,0.41159,frame_003928
71.865143,123.600643,0.410313,frame_003932
71.873701,123.606157,0.409993,frame_003936
71.888669,123.617504,0.410698,frame_003940
71.90258,123.617253,0.411946,frame_003944
71.915308,123.61039,0.413145,frame_003948
71.920103,123.61039,0.414771,frame_003952
71.913252,123.61039,0.416785,frame_003956
71.897403,123.61039,0.418966,frame_003960
71.884697,123.61039,0.421256,frame_003964
71.879762,123.61039,0.423723,frame_003968
71.87389,123.61039,0.426335,frame_003972
71.867256,123.610389,0.428837,frame_003976
71.861079,123.610389,0.431341,frame_003980
71.856576,123.610389,0.43358,frame_003984
71.854966,123.610389,0.435312,frame_003988
71.856559,123.610389,0.436486,frame_003992
71.851114,123.610389,0.437184,frame_003996
71.842487,123.610389,0.437937,frame_004000
71.831878,123.610389,0.438552,frame_004004
71.826462,123.610389,0.439027,frame_004008
71.830105,123.610389,0.439403,frame_004012
71.833228,123.610389,0.440014,frame_004016
71.833228,123.611765,0.440792,frame_004020
71.833228,123.617295,0.441918,frame_004024
71.833228,123.618017,0.443057,frame_004028
71.833228,123.611495,0.444176,frame_004032
71.833228,123.599338,0.445228,frame_004036
71.833228,123.590019,0.446223,frame_004040
71.833229,123.57305,0.446994,frame_004044
71.833229,123.547831,0.447788,frame_004048
71.833229,123.518566,0.448262,frame_004052
71.833229,123.493574,0.44802,frame_004056
71.83323,123.462537,0.447452,frame_004060
71.833976,123.435947,0.447093,frame_004064
71.839324,123.406539,0.446766,frame_004068
71.839034,123.377983,0.446474,frame_004072
71.833415,123.342304,0.445868,frame_004076
71.823686,123.299203,0.444935,frame_004080
71.811065,123.251399,0.443669,frame_004084
71.796769,123.201972,0.442575,frame_004088
71.782016,123.148922,0.441667,frame_004092
71.768025,123.095354,0.440725,frame_004096
71.756012,123.043623,0.438958,frame_004100
71.747197,122.99657,0.436414,frame_004104
71.742796,122.941712,0.434283,frame_004108
71.744029,122.887693,0.432329,frame_004112
71.749221,122.827637,0.429738,frame_004116
71.749221,122.767867,0.4265,frame_004120
71.749222,122.700496,0.42294,frame_004124
71.749223,122.627922,0.419107,frame_004128
71.749223,122.549628,0.415611,frame_004132
71.749224,122.476542,0.412667,frame_004136
71.749225,122.401983,0.41007,frame_004140
71.749226,122.328465,0.407608,frame_004144
71.752195,122.248671,0.405258,frame_004148
71.755486,122.164877,0.4034,frame_004152
71.753141,122.078296,0.402648,frame_004156
71.745925,121.979684,0.402204,frame_004160
71.735054,121.881523,0.401651,frame_004164
71.721748,121.780974,0.401126,frame_004168
71.707225,121.669803,0.400811,frame_004172
71.692701,121.5621,0.400755,frame_004176
71.679395,121.456639,0.40087,frame_004180
71.668524,121.352457,0.400844,frame_004184
71.661308,121.239081,0.400591,frame_004188
71.658963,121.123327,0.399917,frame_004192
71.662255,121.005558,0.398664,frame_004196
71.665224,120.888816,0.397504,frame_004200
71.665226,120.76667,0.396451,frame_004204
71.665227,120.638029,0.395522,frame_004208
71.665228,120.519698,0.394604,frame_004212
71.665229,120.401749,0.393654,frame_004216
71.66523,120.279567,0.39312,frame_004220
71.665232,120.160715,0.392966,frame_004224
71.665233,120.036427,0.39271,frame_004228
71.66598,119.91395,0.392618,frame_004232
71.671329,119.788455,0.392429,frame_004236
71.67104,119.668311,0.391794,frame_004240
71.665422,119.550299,0.390765,frame_004244
71.655694,119.419608,0.389619,frame_004248
71.643074,119.274628,0.388258,frame_004252
71.628778,119.126813,0.386674,frame_004256
71.614027,118.975714,0.384648,frame_004260
71.600036,118.823681,0.382489,frame_004264
71.588025,118.664249,0.380267,frame_004268
71.57921,118.493683,0.377707,frame_004272
71.574811,118.322141,0.375437,frame_004276
71.576045,118.154716,0.373714,frame_004280
71.581238,117.979038,0.372146,frame_004284
71.581239,117.802829,0.370917,frame_004288
71.581241,117.613985,0.370357,frame_004292
71.581243,117.41915,0.370525,frame_004296
71.581245,117.214429,0.371051,frame_004300
71.581247,117.002081,0.371464,frame_004304
71.581249,116.782421,0.371882,frame_004308
71.585112,116.563348,0.371866,frame_004312
71.587945,116.339463,0.370956,frame_004316
71.58484,116.115485,0.369373,frame_004320
71.577016,115.886695,0.367006,frame_004324
71.56569,115.658491,0.363423,frame_004328
71.552081,115.420223,0.359252,frame_004332
71.537406,115.179222,0.355233,frame_004336
71.522884,114.938708,0.351076,frame_004340
71.509731,114.693968,0.346938,frame_004344
71.503028,114.445392,0.342765,frame_004348
71.4991,114.195611,0.338677,frame_004352
71.494258,113.934851,0.33489,frame_004356
71.49094,113.679552,0.331191,frame_004360
71.481697,113.428079,0.32809,frame_004364
71.468088,113.168445,0.325634,frame_004368
71.453413,112.913092,0.323176,frame_004372
71.438891,112.662258,0.320735,frame_004376
71.425738,112.399304,0.319016,frame_004380
71.415174,112.139423,0.317087,frame_004384
71.408416,111.88384,0.314633,frame_004388
71.406682,111.624835,0.311278,frame_004392
71.41505,111.36457,0.30796,frame_004396
71.419965,111.097818,0.304897,frame_004400
71.416861,110.830058,0.302584,frame_004404
71.409037,110.568557,0.301511,frame_004408
71.397712,110.301623,0.302034,frame_004412
71.384103,110.028246,0.303908,frame_004416
71.369428,109.757305,0.306688,frame_004420
71.354906,109.478716,0.309854,frame_004424
71.341754,109.193082,0.313315,frame_004428
71.335051,108.91089,0.315949,frame_004432
71.331123,108.617789,0.317287,frame_004436
71.326282,108.326613,0.317144,frame_004440
71.322964,108.029079,0.316232,frame_004444
71.313721,107.740429,0.314704,frame_004448
71.300112,107.452117,0.313187,frame_004452
71.285438,107.156286,0.312009,frame_004456
71.276107,106.859403,0.310785,frame_004460
71.264187,106.567953,0.309324,frame_004464
71.249222,106.280327,0.307613,frame_004468
71.233648,105.994914,0.305753,frame_004472
71.219901,105.710105,0.304113,frame_004476
71.210417,105.42429,0.302607,frame_004480
71.197749,105.137059,0.300732,frame_004484
71.183455,104.858127,0.298446,frame_004488
71.170836,104.576786,0.296275,frame_004492
71.166301,104.292315,0.295226,frame_004496
71.161916,103.99845,0.295018,frame_004500
71.157228,103.696335,0.294781,frame_004504
71.153017,103.397421,0.293461,frame_004508
71.136405,103.10126,0.290874,frame_004512
71.122706,102.8051,0.287055,frame_004516
71.113574,102.508939,0.281976,frame_004520
71.10901,102.212778,0.276309,frame_004524
71.109013,101.916618,0.269761,frame_004528
71.113583,101.614581,0.262375,frame_004532
71.122721,101.323862,0.254772,frame_004536
71.136425,101.033135,0.248248,frame_004540
71.153789,100.741201,0.24279,frame_004544
71.163354,100.448059,0.238319,frame_004548
71.171619,100.15371,0.234597,frame_004552
71.17322,99.857167,0.231363,frame_004556
71.164925,99.553333,0.227983,frame_004560
71.157101,99.260848,0.224052,frame_004564
71.145776,98.972838,0.219979,frame_004568
71.132167,98.681205,0.216163,frame_004572
71.117493,98.38595,0.212297,frame_004576
71.108162,98.088273,0.208661,frame_004580
71.096242,97.799498,0.205206,frame_004584
71.081277,97.502431,0.201821,frame_004588
71.065704,97.20295,0.198623,frame_004592
71.054039,96.901054,0.195887,frame_004596
71.04906,96.596743,0.193578,frame_004600
71.034655,96.290016,0.191347,frame_004604
71.013601,95.984697,0.188838,frame_004608
70.990415,95.694492,0.186093,frame_004612
70.967534,95.401084,0.183382,frame_004616
70.947393,95.107676,0.180725,frame_004620
70.936288,94.81747,0.178522,frame_004624
70.930112,94.519014,0.176197,frame_004628
70.911078,94.213916,0.174134,frame_004632
70.895719,93.903787,0.172558,frame_004636
70.886906,93.590237,0.171769,frame_004640
70.88794,93.274876,0.17259,frame_004644
70.894253,92.959313,0.174856,frame_004648
70.892291,92.645159,0.177434,frame_004652
70.887132,92.334024,0.180182,frame_004656
70.879993,92.027518,0.182409,frame_004660
70.87284,91.728236,0.183588,frame_004664
70.870745,91.442887,0.183962,frame_004668
70.864686,91.151445,0.184275,frame_004672
70.846309,90.847857,0.184849,frame_004676
70.820063,90.538834,0.186405,frame_004680
70.799617,90.225988,0.188811,frame_004684
70.782217,89.910929,0.192554,frame_004688
70.770297,89.595266,0.197785,frame_004692
70.760168,89.280609,0.203336,frame_004696
70.748904,88.967582,0.20806,frame_004700
70.745439,88.652698,0.212203,frame_004704
70.740751,88.351103,0.215301,frame_004708
70.736366,88.063999,0.217629,frame_004712
70.731831,87.787562,0.219737,frame_004716
70.719211,87.508086,0.221369,frame_004720
70.704917,87.230824,0.222793,frame_004724
70.690167,86.956918,0.223786,frame_004728
70.676177,86.672653,0.224764,frame_004732
70.664167,86.390808,0.225924,frame_004736
70.655354,86.108486,0.227379,frame_004740
70.656147,85.822341,0.229028,frame_004744
70.658613,85.530226,0.230902,frame_004748
70.659407,85.233815,0.233034,frame_004752
70.650593,84.934859,0.235935,frame_004756
70.638583,84.646172,0.239643,frame_004760
70.624594,84.364856,0.243672,frame_004764
70.609843,84.087565,0.24744,frame_004768
70.595549,83.812153,0.251451,frame_004772
70.582929,83.536472,0.255228,frame_004776
70.573203,83.25298,0.258419,frame_004780
70.567586,82.977171,0.260986,frame_004784
70.567298,82.691787,0.263375,frame_004788
70.572649,82.403338,0.265137,frame_004792
70.575481,82.1167,0.266275,frame_004796
70.579988,81.828652,0.266456,frame_004800
70.578254,81.537477,0.26552,frame_004804
70.571496,81.260964,0.263865,frame_004808
70.560932,80.984205,0.261789,frame_004812
70.54778,80.707245,0.259018,frame_004816
70.533258,80.42572,0.256303,frame_004820
70.518583,80.137573,0.25325,frame_004824
70.504974,79.852645,0.250357,frame_004828
70.493649,79.567717,0.248724,frame_004832
70.485826,79.279569,0.24827,frame_004836
70.482721,78.998045,0.248937,frame_004840
70.483472,78.721085,0.250453,frame_004844
70.48283,78.444326,0.252178,frame_004848
70.489761,78.165172,0.254114,frame_004852
70.497756,77.876917,0.255704,frame_004856
70.503925,77.591486,0.256001,frame_004860
70.508266,77.30686,0.255196,frame_004864
70.510781,77.019819,0.254175,frame_004868
70.511469,76.73524,0.252657,frame_004872
70.51033,76.457978,0.251319,frame_004876
70.507364,76.18132,0.250401,frame_004880
70.502571,75.898553,0.249433,frame_004884
70.495951,75.620407,0.24883,frame_004888
70.487505,75.334566,0.248737,frame_004892
70.483356,75.049135,0.248827,frame_004896
70.489453,74.762094,0.249232,frame_004900
70.49555,74.474045,0.249363,frame_004904
70.495262,74.195475,0.249828,frame_004908
70.489646,73.917912,0.251584,frame_004912
70.479919,73.639744,0.254872,frame_004916
70.4673,73.354259,0.258954,frame_004920
70.453006,73.073175,0.263665,frame_004924
70.438255,72.786519,0.268784,frame_004928
70.424265,72.488409,0.274084,frame_004932
70.412255,72.200553,0.279111,frame_004936
70.403442,71.909566,0.284014,frame_004940
70.399043,71.628279,0.28836,frame_004944
70.400278,71.349206,0.291946,frame_004948
70.405472,71.070737,0.295329,frame_004952
70.405475,70.791261,0.298457,frame_004956
70.405477,70.509169,0.301361,frame_004960
70.40548,70.222851,0.303646,frame_004964
70.405483,69.925594,0.305128,frame_004968
70.405486,69.634115,0.30565,frame_004972
70.407571,69.339306,0.305535,frame_004976
70.412079,69.048388,0.304342,frame_004980
70.410345,68.767202,0.302144,frame_004984
70.403587,68.489035,0.299657,frame_004988
70.393023,68.212276,0.29699,frame_004992
70.37987,67.935316,0.294588,frame_004996
70.365348,67.653791,0.292837,frame_005000
70.350674,67.365643,0.291333,frame_005004
70.337065,67.080716,0.289831,frame_005008
70.325739,66.795788,0.288118,frame_005012
70.317916,66.50764,0.28606,frame_005016
70.314812,66.226116,0.283764,frame_005020
70.317645,65.949156,0.281709,frame_005024
70.321508,65.672397,0.279268,frame_005028
70.321511,65.39423,0.276508,frame_005032
70.321513,65.113043,0.27379,frame_005036
70.321516,64.827229,0.27176,frame_005040
70.321519,64.535175,0.271008,frame_005044
70.321522,64.235273,0.270889,frame_005048
70.321525,63.934009,0.271502,frame_005052
70.321528,63.637848,0.272149,frame_005056
70.32153,63.341688,0.272506,frame_005060
70.321533,63.045527,0.272614,frame_005064
70.321536,62.749367,0.272668,frame_005068
70.321539,62.453206,0.273075,frame_005072
70.321542,62.157045,0.273368,frame_005076
70.321545,61.867747,0.274209,frame_005080
70.32363,61.573215,0.275985,frame_005084
70.328138,61.271237,0.278682,frame_005088
70.326404,60.963422,0.282758,frame_005092
70.319646,60.651381,0.287554,frame_005096
70.309082,60.341828,0.292538,frame_005100
70.29593,60.029906,0.296957,frame_005104
70.281408,59.710739,0.300334,frame_005108
70.266734,59.392651,0.302625,frame_005112
70.253125,59.072396,0.304303,frame_005116
70.2418,58.746708,0.305805,frame_005120
70.233977,58.420415,0.307389,frame_005124
70.230873,58.104012,0.309589,frame_005128
70.233707,57.775083,0.311676,frame_005132
70.23757,57.444838,0.313763,frame_005136
70.237573,57.112628,0.315811,frame_005140
70.237577,56.779548,0.316952,frame_005144
70.24144,56.452487,0.316854,frame_005148
70.239829,56.11337,0.315324,frame_005152
70.238759,55.771838,0.312404,frame_005156
70.230541,55.437532,0.308511,frame_005160
70.229341,55.09924,0.304516,frame_005164
70.226009,54.751753,0.301205,frame_005168
70.218871,54.407156,0.298721,frame_005172
70.209145,54.066819,0.296546,frame_005176
70.198049,53.722256,0.294014,frame_005180
70.1868,53.373077,0.291571,frame_005184
70.171426,53.016651,0.288472,frame_005188
70.162295,52.669327,0.284272,frame_005192
70.162298,52.320723,0.279329,frame_005196
70.162462,51.966634,0.274326,frame_005200
70.170474,51.609725,0.269674,frame_005204
70.18418,51.254452,0.265413,frame_005208
70.207115,50.896344,0.262366,frame_005212
70.219054,50.531283,0.260604,frame_005216
70.223853,50.174475,0.259711,frame_005220
70.222258,49.819898,0.259508,frame_005224
70.214269,49.466841,0.26,frame_005228
70.199886,49.09826,0.260697,frame_005232
70.180016,48.737951,0.260864,frame_005236
70.166118,48.384016,0.260165,frame_005240
70.155555,48.024161,0.258777,frame_005244
70.149544,47.662652,0.257221,frame_005248
70.153158,47.29137,0.255087,frame_005252
70.157377,46.923311,0.252486,frame_005256
70.153844,46.553076,0.249435,frame_005260
70.144118,46.18304,0.24662,frame_005264
70.131499,45.817367,0.243782,frame_005268
70.117206,45.449195,0.241657,frame_005272
70.102456,45.082634,0.23963,frame_005276
70.088467,44.711911,0.236843,frame_005280
70.076458,44.348267,0.234005,frame_005284
70.067645,43.986434,0.231259,frame_005288
70.063248,43.626248,0.228769,frame_005292
70.065229,43.265623,0.226563,frame_005296
70.075772,42.904394,0.225283,frame_005300
70.075485,42.537294,0.224661,frame_005304
70.06987,42.174577,0.224243,frame_005308
70.060144,41.808125,0.224526,frame_005312
70.047525,41.447939,0.225225,frame_005316
70.033232,41.081269,0.226787,frame_005320
70.018482,40.719274,0.228513,frame_005324
70.004493,40.347593,0.230117,frame_005328
69.992483,39.978565,0.232492,frame_005332
69.981588,39.610744,0.235035,frame_005336
69.972685,39.242685,0.237655,frame_005340
69.975658,38.874865,0.239816,frame_005344
69.987613,38.505837,0.240975,frame_005348
69.998184,38.134156,0.23977,frame_005352
70.011342,37.773148,0.237063,frame_005356
70.025871,37.413547,0.233595,frame_005360
70.044412,37.047875,0.230055,frame_005364
70.060858,36.67613,0.225745,frame_005368
70.069083,36.301971,0.222108,frame_005372
70.069086,35.929054,0.21998,frame_005376
70.060869,35.557378,0.220275,frame_005380
70.04443,35.183287,0.223345,frame_005384
70.025896,34.808227,0.228686,frame_005388
70.01212,34.430736,0.234333,frame_005392
70.004317,34.049913,0.239979,frame_005396
69.993463,33.67609,0.245721,frame_005400
69.981087,33.303389,0.251725,frame_005404
69.969624,32.935923,0.256917,frame_005408
69.96151,32.562814,0.260482,frame_005412
69.954491,32.207644,0.262088,frame_005416
69.940973,31.854438,0.263267,frame_005420
69.922583,31.507645,0.265214,frame_005424
69.901757,31.165246,0.267834,frame_005428
69.880931,30.827676,0.272094,frame_005432
69.862541,30.49027,0.27667,frame_005436
69.849022,30.143423,0.281438,frame_005440
69.83992,29.798387,0.28653,frame_005444
69.831162,29.458317,0.290948,frame_005448
69.824266,29.111736,0.293487,frame_005452
69.815543,28.767974,0.29393,frame_005456
69.807429,28.426478,0.292188,frame_005460
69.801453,28.092884,0.288652,frame_005464
69.78859,27.752,0.283496,frame_005468
69.773916,27.420465,0.277477,frame_005472
69.759394,27.098041,0.27062,frame_005476
69.746242,26.769533,0.264222,frame_005480
69.735679,26.438383,0.257528,frame_005484
69.728921,26.110802,0.250437,frame_005488
69.727188,25.787382,0.242443,frame_005492
69.731696,25.463093,0.233244,frame_005496
69.733782,25.124845,0.223686,frame_005500
69.733785,24.784182,0.215105,frame_005504
69.733788,24.447544,0.207319,frame_005508
69.733792,24.108308,0.200802,frame_005512
69.733795,23.774505,0.195518,frame_005516
69.733798,23.454168,0.192211,frame_005520
69.738992,23.128596,0.191478,frame_005524
69.740227,22.808166,0.192987,frame_005528
69.735829,22.486923,0.195891,frame_005532
69.727016,22.168908,0.199701,frame_005536
69.715006,21.845413,0.203909,frame_005540
69.701017,21.518269,0.208292,frame_005544
69.686266,21.185216,0.212792,frame_005548
69.674055,20.854579,0.217325,frame_005552
69.665941,20.524473,0.22132,frame_005556
69.654478,20.202611,0.224115,frame_005560
69.642101,19.883,0.225572,frame_005564
69.631247,19.580225,0.226639,frame_005568
69.623443,19.300676,0.228119,frame_005572
69.609666,19.054172,0.230411,frame_005576
69.59499,18.839352,0.233732,frame_005580
69.58138,18.669517,0.237977,frame_005584
69.570053,18.54819,0.242782,frame_005588
69.562227,18.476001,0.247792,frame_005592
69.559121,18.437551,0.253223,frame_005596
69.559869,18.419669,0.258105,frame_005600
69.559224,18.408938,0.261702,frame_005604
69.557992,18.400711,0.264088,frame_005608
69.561463,18.38179,0.265619,frame_005612
69.570515,18.368344,0.267228,frame_005616
69.58212,18.3525,0.268638,frame_005620
69.601961,18.336318,0.270479,frame_005624
69.634098,18.324162,0.273251,frame_005628
69.675776,18.31764,0.276817,frame_005632
69.736957,18.318363,0.281317,frame_005636
69.814642,18.323893,0.286921,frame_005640
69.904877,18.325271,0.293499,frame_005644
70.01436,18.325272,0.300082,frame_005648
70.138569,18.325273,0.307098,frame_005652
70.280724,18.325274,0.314669,frame_005656
70.439672,18.325276,0.321977,frame_005660
70.611566,18.325277,0.32896,frame_005664
70.789292,18.325279,0.3348,frame_005668
70.982155,18.325281,0.340199,frame_005672
71.188241,18.325283,0.345089,frame_005676
71.405841,18.325285,0.349683,frame_005680
71.644551,18.325287,0.35412,frame_005684
71.88865,18.32529,0.358687,frame_005688
72.144366,18.325292,0.363422,frame_005692
72.42099,18.325295,0.368471,frame_005696
72.700755,18.325298,0.373558,frame_005700
72.983971,18.3253,0.37847,frame_005704
73.279383,18.325303,0.383009,frame_005708
73.586634,18.325306,0.387385,frame_005712
73.896569,18.325309,0.391632,frame_005716
74.223302,18.325313,0.395799,frame_005720
74.563873,18.325316,0.399523,frame_005724
74.909619,18.32532,0.402966,frame_005728
75.265057,18.325323,0.4063,frame_005732
75.619372,18.325327,0.40965,frame_005736
75.988131,18.325331,0.412861,frame_005740
76.363755,18.325335,0.416039,frame_005744
76.737045,18.325339,0.418949,frame_005748
77.120509,18.325343,0.421514,frame_005752
77.516049,18.325347,0.423876,frame_005756
77.921184,18.325351,0.426256,frame_005760
78.324776,18.325355,0.428768,frame_005764
78.741767,18.32536,0.431589,frame_005768
79.168286,18.325364,0.43435,frame_005772
79.589465,18.325369,0.437163,frame_005776
80.011191,18.325374,0.439877,frame_005780
80.435925,18.325378,0.442646,frame_005784
80.875791,18.325383,0.445351,frame_005788
81.315164,18.325388,0.447742,frame_005792
81.757445,18.325393,0.449981,frame_005796
82.193498,18.327462,0.45208,frame_005800
82.638199,18.329567,0.45436,frame_005804
83.088612,18.323434,0.456798,frame_005808
83.546495,18.318509,0.459337,frame_005812
84.022922,18.317544,0.461984,frame_005816
84.496552,18.320989,0.464373,frame_005820
84.948213,18.317391,0.466593,frame_005824
85.412311,18.308358,0.468636,frame_005828
85.876424,18.295502,0.470769,frame_005832
86.342545,18.280433,0.472653,frame_005836
86.810103,18.26476,0.474124,frame_005840
87.270896,18.250093,0.475414,frame_005844
87.737982,18.238042,0.476408,frame_005848
88.217473,18.224145,0.477338,frame_005852
88.690703,18.209676,0.478104,frame_005856
89.185566,18.205574,0.478748,frame_005860
89.675805,18.209322,0.479349,frame_005864
90.162356,18.214431,0.479602,frame_005868
90.651525,18.214437,0.479787,frame_005872
91.157043,18.214444,0.479759,frame_005876
91.656165,18.21445,0.479676,frame_005880
92.145041,18.214456,0.479548,frame_005884
92.641934,18.214462,0.479011,frame_005888
93.132166,18.214468,0.478254,frame_005892
93.623632,18.214475,0.477216,frame_005896
94.096594,18.214481,0.475991,frame_005900
94.564562,18.214487,0.474628,frame_005904
95.025708,18.214493,0.473524,frame_005908
95.472828,18.214499,0.472575,frame_005912
95.933486,18.214505,0.471459,frame_005916
96.383783,18.21451,0.470553,frame_005920
96.830741,18.214516,0.469404,frame_005924
97.275479,18.215508,0.468061,frame_005928
97.719088,18.222584,0.466528,frame_005932
98.166683,18.222206,0.464881,frame_005936
98.611386,18.214784,0.463352,frame_005940
99.056497,18.201929,0.461989,frame_005944
99.507434,18.18525,0.460925,frame_005948
99.946801,18.166357,0.46031,frame_005952
100.368105,18.146861,0.460296,frame_005956
100.796851,18.12837,0.46048,frame_005960
101.22102,18.112496,0.460708,frame_005964
101.636495,18.100848,0.461047,frame_005968
102.057494,18.095036,0.461164,frame_005972
102.474056,18.09667,0.461135,frame_005976
102.892636,18.103539,0.461008,frame_005980
103.303278,18.103545,0.460687,frame_005984
103.72033,18.103551,0.460261,frame_005988
104.141595,18.103556,0.459985,frame_005992
104.564485,18.103563,0.459755,frame_005996
104.969528,18.109445,0.459578,frame_006000
105.380115,18.104009,0.459463,frame_006004
105.796256,18.103685,0.459105,frame_006008
106.207775,18.103206,0.458696,frame_006012
106.621732,18.096087,0.458235,frame_006016
107.037707,18.083936,0.457999,frame_006020
107.450082,18.068364,0.458116,frame_006024
107.869374,18.05098,0.458498,frame_006028
108.291348,18.033396,0.459048,frame_006032
108.715001,18.01722,0.459706,frame_006036
109.134966,18.004063,0.46023,frame_006040
109.557706,17.995535,0.460648,frame_006044
109.977838,17.992046,0.461106,frame_006048
110.397971,17.98388,0.461581,frame_006052
110.82071,17.989841,0.461799,frame_006056
111.239929,17.999463,0.461702,frame_006060
111.658234,18.001098,0.461215,frame_006064
112.080498,17.995287,0.460885,frame_006068
112.501709,17.983639,0.460736,frame_006072
112.927945,17.967766,0.460718,frame_006076
113.359155,17.949276,0.460872,frame_006080
113.784222,17.92978,0.461043,frame_006084
114.212741,17.910888,0.461213,frame_006088
114.648707,17.89421,0.46162,frame_006092
115.077226,17.881356,0.462313,frame_006096
115.502292,17.873935,0.462859,frame_006100
115.929642,17.873557,0.463487,frame_006104
116.353793,17.880634,0.464311,frame_006108
116.781376,17.88438,0.465262,frame_006112
117.206671,17.890342,0.466429,frame_006116
117.632422,17.888053,0.467886,frame_006120
118.062284,17.879122,0.469592,frame_006124
118.497646,17.865161,0.471571,frame_006128
118.931162,17.847779,0.473496,frame_006132
119.364221,17.828585,0.475246,frame_006136
119.801108,17.809191,0.476761,frame_006140
120.228214,17.791205,0.477962,frame_006144
120.64558,17.77899,0.478815,frame_006148
121.062641,17.769503,0.47981,frame_006152
121.483051,17.766228,0.481069,frame_006156
121.907573,17.766775,0.482162,frame_006160
122.333352,17.762445,0.483238,frame_006164
122.763125,17.748384,0.484268,frame_006168
123.196503,17.731304,0.484413,frame_006172
123.63748,17.712815,0.484545,frame_006176
124.071163,17.694527,0.485382,frame_006180
124.503628,17.678051,0.487468,frame_006184
124.940951,17.664996,0.491165,frame_006188
125.365176,17.656971,0.496898,frame_006192
125.783912,17.655588,0.50424,frame_006196
126.19922,17.65436,0.512824,frame_006200
126.61169,17.658683,0.522258,frame_006204
127.020325,17.659676,0.53182,frame_006208
127.423758,17.659683,0.54185,frame_006212
127.809026,17.65969,0.551712,frame_006216
128.169364,17.659696,0.559284,frame_006220
128.48826,17.664805,0.565004,frame_006224
128.759745,17.668552,0.568155,frame_006228
128.983212,17.664448,0.569114,frame_006232
129.150706,17.654106,0.567361,frame_006236
129.268628,17.639133,0.562697,frame_006240
129.345197,17.621142,0.555601,frame_006244
129.391765,17.601741,0.546672,frame_006248
129.416736,17.582541,0.536802,frame_006252
129.43075,17.565151,0.527489,frame_006256
129.437458,17.551183,0.520223,frame_006260
129.444084,17.542247,0.513792,frame_006264
129.451421,17.539951,0.508416,frame_006268
129.462384,17.545906,0.504383,frame_006272
129.47807,17.548659,0.500774,frame_006276
129.502941,17.54866,0.498902,frame_006280
129.529597,17.54866,0.497875,frame_006284
129.56945,17.548661,0.497839,frame_006288
129.624188,17.548662,0.498985,frame_006292
129.692136,17.548663,0.500424,frame_006296
129.77133,17.548665,0.502139,frame_006300
129.855071,17.548666,0.503809,frame_006304
129.949135,17.548668,0.505432,frame_006308
130.051813,17.54867,0.506108,frame_006312
130.165011,17.548672,0.507071,frame_006316
130.289011,17.548674,0.507075,frame_006320
130.421923,17.548676,0.506531,frame_006324
130.56935,17.548679,0.50667,frame_006328
130.715959,17.553785,0.507698,frame_006332
130.869688,17.557529,0.509758,frame_006336
131.032566,17.553425,0.512477,frame_006340
131.205001,17.543082,0.515576,frame_006344
131.380582,17.528111,0.518958,frame_006348
131.56851,17.510121,0.522584,frame_006352
131.7725,17.495826,0.526756,frame_006356
131.986325,17.480371,0.530733,frame_006360
132.214781,17.458879,0.534417,frame_006364
132.457178,17.434569,0.537435,frame_006368
132.712662,17.410662,0.540286,frame_006372
132.975212,17.390378,0.543015,frame_006376
133.23893,17.376936,0.546038,frame_006380
133.516634,17.360494,0.549038,frame_006384
133.799985,17.343109,0.551667,frame_006388
134.086497,17.329147,0.554075,frame_006392
134.37586,17.321201,0.556309,frame_006396
134.676692,17.32598,0.558447,frame_006400
134.981887,17.331557,0.560272,frame_006404
135.295712,17.326888,0.561368,frame_006408
135.61544,17.314033,0.561622,frame_006412
135.942455,17.297354,0.561539,frame_006416
136.274141,17.278461,0.561361,frame_006420
136.605335,17.258965,0.561149,frame_006424
136.941111,17.240475,0.560957,frame_006428
137.282526,17.224601,0.561008,frame_006432
137.619339,17.212954,0.561416,frame_006436
137.955406,17.207142,0.562198,frame_006440
138.291473,17.208777,0.562337,frame_006444
138.62754,17.215646,0.561511,frame_006448
138.963606,17.215652,0.559587,frame_006452
139.299673,17.215659,0.556749,frame_006456
139.63574,17.215665,0.553445,frame_006460
139.971807,17.215672,0.55016,frame_006464
140.30862,17.216664,0.547157,frame_006468
140.650035,17.22374,0.54492,frame_006472
140.985811,17.223363,0.543717,frame_006476
141.316259,17.215941,0.543906,frame_006480
141.642596,17.203086,0.545513,frame_006484
141.966041,17.186408,0.548142,frame_006488
142.288557,17.167515,0.550587,frame_006492
142.615219,17.148019,0.552959,frame_006496
142.937003,17.129529,0.555164,frame_006500
143.256184,17.113656,0.556897,frame_006504
143.579054,17.102008,0.558116,frame_006508
143.897807,17.1013,0.558687,frame_006512
144.215935,17.106676,0.558722,frame_006516
144.538059,17.109438,0.558232,frame_006520
144.847221,17.099098,0.557376,frame_006524
145.15655,17.08413,0.556624,frame_006528
145.462633,17.066143,0.556288,frame_006532
145.771649,17.046747,0.555977,frame_006536
146.086044,17.027553,0.55524,frame_006540
146.393829,17.01017,0.554907,frame_006544
146.690617,16.996207,0.554702,frame_006548
146.975499,16.987276,0.553864,frame_006552
147.229548,16.984985,0.552272,frame_006556
147.44533,16.990945,0.549686,frame_006560
147.624071,16.993701,0.545863,frame_006564
147.76288,16.993704,0.540342,frame_006568
147.856261,16.993706,0.533738,frame_006572
147.916275,16.993707,0.526354,frame_006576
147.941007,16.993708,0.518377,frame_006580
147.955477,16.993708,0.509699,frame_006584
147.96424,16.993708,0.501523,frame_006588
147.969867,16.993709,0.494617,frame_006592
147.987213,16.993709,0.48875,frame_006596
148.000825,16.993709,0.484052,frame_006600
148.007536,16.993709,0.480404,frame_006604
148.016836,16.99371,0.47801,frame_006608
148.015617,16.99371,0.475757,frame_006612
148.011035,16.993709,0.473296,frame_006616
147.998267,16.993709,0.47103,frame_006620
147.966032,16.993709,0.468601,frame_006624
147.921907,16.993708,0.466209,frame_006628
147.875093,16.993707,0.464248,frame_006632
147.81918,16.993706,0.462593,frame_006636
147.754573,16.993704,0.461834,frame_006640
147.680241,16.993703,0.461883,frame_006644
147.592587,16.993701,0.462332,frame_006648
147.501628,16.993699,0.46221,frame_006652
147.401584,16.993697,0.461379,frame_006656
147.289818,16.993695,0.458526,frame_006660
147.17518,16.993693,0.454315,frame_006664
147.04657,16.99369,0.448999,frame_006668
146.906724,16.993687,0.442731,frame_006672
146.761417,16.993684,0.436487,frame_006676
146.60395,16.993681,0.431113,frame_006680
146.432361,16.993678,0.426721,frame_006684
146.249137,16.993674,0.424536,frame_006688
146.056648,16.99367,0.423809,frame_006692
145.855076,16.993666,0.424144,frame_006696
145.640956,16.993662,0.424787,frame_006700
145.410705,16.993658,0.425724,frame_006704
145.165903,16.993653,0.426265,frame_006708
144.908297,16.993648,0.426045,frame_006712
144.64512,16.993642,0.424698,frame_006716
144.372579,16.993637,0.422433,frame_006720
144.093934,16.993631,0.420203,frame_006724
143.810453,16.993626,0.416893,frame_006728
143.522136,16.99362,0.41286,frame_006732
143.230606,16.993615,0.408978,frame_006736
142.932987,16.993609,0.404777,frame_006740
142.627133,16.992617,0.400306,frame_006744
142.310725,16.985541,0.396237,frame_006748
141.991037,16.985919,0.392836,frame_006752
141.664216,16.99334,0.390007,frame_006756
141.325469,17.006195,0.387677,frame_006760
140.985727,17.022873,0.386761,frame_006764
140.635814,17.041765,0.387512,frame_006768
140.282282,17.061261,0.389271,frame_006772
139.927572,17.07975,0.389767,frame_006776
139.568482,17.095624,0.389196,frame_006780
139.204624,17.10727,0.387005,frame_006784
138.844104,17.113081,0.382784,frame_006788
138.471424,17.11046,0.376179,frame_006792
138.101179,17.096521,0.367017,frame_006796
137.730167,17.096898,0.355563,frame_006800
137.358878,17.104318,0.3418,frame_006804
136.985457,17.117173,0.326961,frame_006808
136.615524,17.133851,0.312944,frame_006812
136.242559,17.152743,0.300171,frame_006816
135.867698,17.172238,0.290529,frame_006820
135.491058,17.190727,0.281808,frame_006824
135.110677,17.2066,0.273294,frame_006828
134.726391,17.218247,0.264183,frame_006832
134.335799,17.224058,0.253445,frame_006836
133.925577,17.222422,0.240016,frame_006840
133.520709,17.215552,0.224525,frame_006844
133.097436,17.215544,0.20724,frame_006848
132.675963,17.213472,0.189346,frame_006852
132.242667,17.207235,0.172414,frame_006856
131.8176,17.208551,0.157466,frame_006860
131.389622,17.216709,0.145322,frame_006864
130.948463,17.230099,0.136149,frame_006868
130.514184,17.247111,0.128008,frame_006872
130.080362,17.266137,0.120464,frame_006876
129.635574,17.285564,0.112407,frame_006880
129.182663,17.303784,0.103281,frame_006884
128.742065,17.319187,0.093769,frame_006888
128.299783,17.330162,0.084015,frame_006892
127.843478,17.328237,0.074826,frame_006896
127.390168,17.323899,0.067009,frame_006900
126.93161,17.323822,0.060241,frame_006904
126.481896,17.335468,0.05437,frame_006908
126.017217,17.35134,0.049551,frame_006912
125.563987,17.369829,0.046017,frame_006916
125.121566,17.389324,0.044793,frame_006920
124.669843,17.408215,0.044433,frame_006924
124.212974,17.424892,0.045509,frame_006928
123.763242,17.437746,0.047191,frame_006932
123.323269,17.445166,0.049511,frame_006936
122.874368,17.445542,0.051175,frame_006940
122.419057,17.437479,0.052335,frame_006944
121.964406,17.43148,0.052106,frame_006948
121.514134,17.438086,0.050516,frame_006952
121.074623,17.444183,0.047017,frame_006956
120.636244,17.446119,0.043074,frame_006960
120.212321,17.443444,0.038825,frame_006964
119.782575,17.447611,0.035333,frame_006968
119.356178,17.457011,0.033507,frame_006972
118.930694,17.470033,0.033913,frame_006976
118.498496,17.485067,0.036061,frame_006980
118.064217,17.500504,0.040041,frame_006984
117.622893,17.514733,0.044127,frame_006988
117.189487,17.526146,0.049049,frame_006992
116.767885,17.536952,0.053206,frame_006996
116.350579,17.553178,0.056693,frame_007000
115.936981,17.557278,0.058877,frame_007004
115.522769,17.55353,0.060101,frame_007008
115.108953,17.548421,0.060079,frame_007012
114.702797,17.548414,0.060213,frame_007016
114.304558,17.548408,0.060839,frame_007020
113.904505,17.548402,0.06205,frame_007024
113.498965,17.548396,0.062374,frame_007028
113.096168,17.548389,0.061835,frame_007032
112.699127,17.548383,0.061634,frame_007036
112.314113,17.548377,0.062171,frame_007040
111.927582,17.545618,0.063045,frame_007044
111.544266,17.539657,0.064613,frame_007048
111.165545,17.541948,0.066281,frame_007052
110.787026,17.550879,0.067729,frame_007056
110.406055,17.564841,0.068679,frame_007060
110.03497,17.582225,0.069532,frame_007064
109.670586,17.60142,0.069647,frame_007068
109.302237,17.620816,0.069606,frame_007072
108.931161,17.638804,0.06788,frame_007076
108.564653,17.653773,0.065636,frame_007080
108.203881,17.664113,0.063971,frame_007084
107.838944,17.668215,0.063265,frame_007088
107.480657,17.664468,0.063643,frame_007092
107.128106,17.65936,0.065039,frame_007096
106.770482,17.659355,0.066904,frame_007100
106.40506,17.659349,0.069715,frame_007104
106.039347,17.659344,0.07235,frame_007108
105.678492,17.659339,0.076273,frame_007112
105.327111,17.659334,0.081526,frame_007116
104.96825,17.659328,0.086443,frame_007120
104.609845,17.659323,0.091678,frame_007124
104.255551,17.659318,0.095951,frame_007128
103.902896,17.659313,0.100224,frame_007132
103.549426,17.659308,0.102975,frame_007136
103.201436,17.659303,0.103482,frame_007140
102.855238,17.659298,0.102421,frame_007144
102.512349,17.659294,0.100232,frame_007148
102.168698,17.659289,0.097071,frame_007152
101.823829,17.659284,0.093499,frame_007156
101.474987,17.659279,0.091127,frame_007160
101.130867,17.662027,0.089482,frame_007164
100.785209,17.667978,0.088412,frame_007168
100.443204,17.665677,0.08841,frame_007172
100.104854,17.656736,0.087901,frame_007176
99.770158,17.642763,0.086656,frame_007180
99.439115,17.625369,0.083497,frame_007184
99.111727,17.606164,0.079868,frame_007188
98.784131,17.586758,0.077041,frame_007192
98.464757,17.567774,0.074932,frame_007196
98.136129,17.548479,0.073528,frame_007200
97.804713,17.539365,0.074572,frame_007204
97.466862,17.543506,0.077752,frame_007208
97.137723,17.556903,0.083346,frame_007212
96.812223,17.569246,0.090502,frame_007216
96.488398,17.574072,0.098268,frame_007220
96.165029,17.576483,0.105191,frame_007224
95.840899,17.576478,0.110616,frame_007228
95.51479,17.574059,0.115921,frame_007232
95.183402,17.569225,0.121179,frame_007236
94.845176,17.561976,0.125682,frame_007240
94.516534,17.552312,0.129033,frame_007244
94.185267,17.544055,0.131888,frame_007248
93.854617,17.542814,0.135079,frame_007252
93.53136,17.547127,0.139336,frame_007256
93.216579,17.548109,0.144909,frame_007260
92.905756,17.548105,0.151131,frame_007264
92.591265,17.548101,0.156573,frame_007268
92.279819,17.548097,0.162142,frame_007272
91.970657,17.548093,0.167372,frame_007276
91.654934,17.548089,0.173412,frame_007280
91.338146,17.548085,0.178845,frame_007284
91.024438,17.548081,0.182369,frame_007288
90.714302,17.548078,0.183071,frame_007292
90.396367,17.548074,0.181543,frame_007296
90.083344,17.54807,0.177626,frame_007300
89.772188,17.548066,0.172233,frame_007304
89.462453,17.545309,0.16531,frame_007308
89.151817,17.53935,0.156783,frame_007312
88.83979,17.541642,0.147992,frame_007316
88.540892,17.550576,0.140456,frame_007320
88.244207,17.56454,0.133962,frame_007324
87.9487,17.581926,0.129471,frame_007328
87.662562,17.601123,0.12745,frame_007332
87.37551,17.620522,0.127776,frame_007336
87.083433,17.638511,0.129562,frame_007340
86.787211,17.653482,0.13293,frame_007344
86.501819,17.663825,0.137081,frame_007348
86.210164,17.667928,0.141733,frame_007352
85.922249,17.664183,0.14652,frame_007356
85.634366,17.659077,0.151798,frame_007360
85.347736,17.659073,0.157849,frame_007364
85.068498,17.65907,0.162779,frame_007368
84.782961,17.659067,0.166985,frame_007372
84.504547,17.659063,0.170488,frame_007376
84.223357,17.65906,0.171688,frame_007380
83.943592,17.659057,0.169878,frame_007384
83.664941,17.659054,0.165287,frame_007388
83.392228,17.659051,0.159067,frame_007392
83.130275,17.659048,0.152304,frame_007396
82.862953,17.659045,0.144989,frame_007400
82.60096,17.659042,0.138692,frame_007404
82.343659,17.659039,0.13414,frame_007408
82.084528,17.659036,0.131125,frame_007412
81.830963,17.659033,0.128875,frame_007416
81.570527,17.65903,0.126874,frame_007420
81.312684,17.659027,0.123921,frame_007424
81.052066,17.659025,0.11898,frame_007428
80.7974,17.659022,0.113022,frame_007432
80.549614,17.659019,0.107171,frame_007436
80.303551,17.659016,0.102219,frame_007440
80.057147,17.659014,0.098559,frame_007444
79.809166,17.659011,0.096153,frame_007448
79.569205,17.659008,0.095656,frame_007452
79.335133,17.659006,0.097294,frame_007456
79.090639,17.659003,0.099815,frame_007460
78.849496,17.659001,0.102415,frame_007464
78.606664,17.658998,0.104995,frame_007468
78.373742,17.658995,0.108007,frame_007472
78.142798,17.658993,0.111341,frame_007476
77.913377,17.658991,0.114567,frame_007480
77.687006,17.658988,0.117584,frame_007484
77.454663,17.658986,0.120423,frame_007488
77.221422,17.658983,0.122807,frame_007492
76.989247,17.658981,0.12453,frame_007496
76.759355,17.658978,0.125951,frame_007500
76.526839,17.653873,0.127224,frame_007504
76.287717,17.656005,0.127847,frame_007508
76.05939,17.657421,0.127912,frame_007512
75.83956,17.663183,0.128153,frame_007516
75.619127,17.673768,0.128179,frame_007520
75.389067,17.681222,0.128309,frame_007524
75.154456,17.695709,0.128688,frame_007528
74.917256,17.705367,0.129656,frame_007532
74.680769,17.707441,0.130909,frame_007536
74.446552,17.701484,0.132251,frame_007540
74.207159,17.698947,0.133742,frame_007544
73.965026,17.698222,0.135054,frame_007548
73.722588,17.697698,0.136103,frame_007552
73.487473,17.707629,0.136851,frame_007556
73.252965,17.71624,0.137616,frame_007560
73.017564,17.729875,0.138364,frame_007564
72.773921,17.746447,0.138803,frame_007568
72.523429,17.759284,0.139493,frame_007572
72.273599,17.774731,0.140835,frame_007576
72.023196,17.778835,0.14247,frame_007580
71.773049,17.775091,0.144093,frame_007584
71.522245,17.769985,0.146073,frame_007588
71.266072,17.769983,0.14788,frame_007592
71.004113,17.76998,0.148943,frame_007596
70.743426,17.769978,0.149715,frame_007600
70.485049,17.769975,0.151012,frame_007604
70.222562,17.769973,0.152265,frame_007608
69.959529,17.76997,0.153231,frame_007612
69.68907,17.769968,0.15387,frame_007616
69.418647,17.769965,0.154665,frame_007620
69.147747,17.769963,0.155411,frame_007624
68.87138,17.76996,0.155797,frame_007628
68.595199,17.769957,0.156434,frame_007632
68.312113,17.769955,0.157253,frame_007636
68.022431,17.769952,0.157738,frame_007640
67.726305,17.769949,0.158508,frame_007644
67.42962,17.769947,0.160121,frame_007648
67.126895,17.769944,0.162277,frame_007652
66.819638,17.767188,0.165067,frame_007656
66.505245,17.76123,0.168009,frame_007660
66.185116,17.763523,0.170288,frame_007664
65.863195,17.772457,0.171968,frame_007668
65.53319,17.786422,0.172055,frame_007672
65.201802,17.803809,0.170959,frame_007676
64.869554,17.823006,0.169546,frame_007680
64.533487,17.842405,0.167844,frame_007684
64.194347,17.859409,0.165214,frame_007688
63.856867,17.867311,0.161359,frame_007692
63.509943,17.878038,0.156761,frame_007696
63.155848,17.88957,0.152049,frame_007700
62.800875,17.898686,0.147547,frame_007704
62.437218,17.910265,0.143296,frame_007708
62.073561,17.929161,0.139797,frame_007712
61.708263,17.94866,0.136933,frame_007716
61.336924,17.967153,0.135126,frame_007720
60.960582,17.98303,0.134945,frame_007724
60.584274,17.994681,0.136543,frame_007728
60.198943,18.000495,0.13868,frame_007732
59.811289,17.998863,0.140036,frame_007736
59.422521,17.991998,0.140959,frame_007740
59.032104,17.991995,0.142241,frame_007744
58.639728,17.985129,0.144007,frame_007748
58.249976,17.983497,0.145816,frame_007752
57.855843,17.989312,0.147657,frame_007756
57.466303,18.000963,0.149659,frame_007760
57.075698,18.01684,0.151088,frame_007764
56.68088,18.035333,0.151916,frame_007768
56.287785,18.054832,0.151766,frame_007772
55.892186,18.073728,0.151184,frame_007776
55.487486,18.09041,0.149822,frame_007780
55.083877,18.096406,0.148467,frame_007784
54.679812,18.102202,0.147551,frame_007788
54.277603,18.108401,0.146719,frame_007792
53.86913,18.112982,0.146544,frame_007796
53.464396,18.127873,0.147175,frame_007800
53.059696,18.146366,0.149037,frame_007804
52.656248,18.165865,0.151516,frame_007808
52.260192,18.184761,0.152296,frame_007812
51.867823,18.201444,0.15126,frame_007816
51.478706,18.214302,0.149505,frame_007820
51.08575,18.221727,0.147978,frame_007824
50.694607,18.217005,0.146877,frame_007828
50.306385,18.206191,0.146772,frame_007832
49.919991,18.20931,0.146845,frame_007836
49.534328,18.219653,0.146952,frame_007840
49.145315,18.234624,0.148538,frame_007844
48.762781,18.252615,0.151343,frame_007848
48.376724,18.272014,0.153197,frame_007852
47.990817,18.291212,0.150639,frame_007856
47.615756,18.305846,0.14276,frame_007860
47.240661,18.313857,0.133053,frame_007864
46.859322,18.325087,0.122521,frame_007868
46.483243,18.336318,0.111545,frame_007872
46.105448,18.344328,0.101806,frame_007876
45.727284,18.358963,0.094481,frame_007880
45.352318,18.378161,0.090057,frame_007884
44.974128,18.39756,0.088211,frame_007888
44.598944,18.415551,0.089747,frame_007892
44.224673,18.430523,0.093959,frame_007896
43.849224,18.440867,0.097206,frame_007900
43.478986,18.444972,0.096886,frame_007904
43.112252,18.441228,0.093689,frame_007908
42.743694,18.436123,0.088679,frame_007912
42.373595,18.435134,0.081526,frame_007916
42.002888,18.428063,0.074826,frame_007920
41.636638,18.428445,0.069536,frame_007924
41.270232,18.43587,0.066531,frame_007928
40.896517,18.448729,0.065616,frame_007932
40.514541,18.465412,0.066419,frame_007936
40.147336,18.484309,0.069201,frame_007940
39.7743,18.503809,0.074574,frame_007944
39.404908,18.5172,0.080162,frame_007948
39.042518,18.529337,0.083958,frame_007952
38.696885,18.545096,0.085588,frame_007956
38.355229,18.561257,0.085827,frame_007960
38.011785,18.574602,0.086023,frame_007964
37.677041,18.58573,0.087632,frame_007968
37.340433,18.605131,0.090449,frame_007972
36.992999,18.624329,0.094666,frame_007976
36.635985,18.641717,0.101194,frame_007980
36.285836,18.655683,0.108466,frame_007984
35.937028,18.664619,0.11571,frame_007988
35.578301,18.666913,0.124028,frame_007992
35.231006,18.660956,0.132325,frame_007996
34.892544,18.658201,0.138242,frame_008000
34.559564,18.6582,0.142089,frame_008004
34.212535,18.658198,0.144841,frame_008008
33.876768,18.650553,0.145887,frame_008012
33.540042,18.649963,0.146059,frame_008016
33.199558,18.656617,0.146418,frame_008020
32.868245,18.668907,0.146014,frame_008024
32.530755,18.685221,0.147279,frame_008028
32.198347,18.703951,0.14879,frame_008032
31.863498,18.723485,0.152333,frame_008036
31.529589,18.742215,0.158596,frame_008040
31.196875,18.75853,0.16634,frame_008044
30.858296,18.770819,0.174854,frame_008048
30.516977,18.777474,0.18436,frame_008052
30.173598,18.776884,0.194364,frame_008056
29.83688,18.769239,0.203247,frame_008060
29.494115,18.769237,0.211713,frame_008064
29.153162,18.769236,0.217817,frame_008068
28.818147,18.769235,0.221271,frame_008072
28.485408,18.769233,0.223496,frame_008076
28.157904,18.768246,0.225478,frame_008080
27.822209,18.761175,0.228168,frame_008084
27.479762,18.761558,0.230738,frame_008088
27.1329,18.768984,0.233027,frame_008092
26.784924,18.781844,0.235739,frame_008096
26.437391,18.798528,0.239067,frame_008100
26.082854,18.817425,0.242677,frame_008104
25.723751,18.836927,0.247265,frame_008108
25.362516,18.855422,0.252668,frame_008112
25.002266,18.8713,0.257972,frame_008116
24.654158,18.882953,0.263574,frame_008120
24.307919,18.888769,0.269806,frame_008124
23.961069,18.88714,0.27652,frame_008128
23.619022,18.880276,0.282395,frame_008132
23.274839,18.880275,0.286855,frame_008136
22.930046,18.879288,0.289683,frame_008140
22.58708,18.872217,0.291328,frame_008144
22.242252,18.8726,0.291107,frame_008148
21.891888,18.880027,0.289769,frame_008152
21.541068,18.892887,0.28757,frame_008156
21.191009,18.909571,0.285916,frame_008160
20.848121,18.928469,0.284995,frame_008164
20.50447,18.94797,0.2842,frame_008168
20.159601,18.966465,0.283566,frame_008172
19.81595,18.982345,0.282552,frame_008176
19.473061,18.993997,0.281094,frame_008180
19.123002,19.004917,0.278129,frame_008184
18.777374,19.000167,0.274523,frame_008188
18.428242,18.987568,0.270639,frame_008192
18.075152,18.983039,0.265563,frame_008196
17.72054,18.979718,0.260309,frame_008200
17.368924,18.977604,0.255246,frame_008204
17.019219,18.976698,0.251099,frame_008208
16.669925,18.976999,0.247621,frame_008212
16.322002,18.978507,0.244438,frame_008216
15.970282,18.981223,0.242443,frame_008220
15.61704,18.985147,0.240942,frame_008224
15.264711,18.990278,0.24005,frame_008228
14.915732,18.996616,0.239913,frame_008232
14.576076,18.992299,0.241283,frame_008236
14.223712,18.988559,0.242589,frame_008240
13.876144,18.982604,0.242856,frame_008244
13.531351,18.984899,0.242406,frame_008248
13.185645,18.993835,0.240533,frame_008252
12.835336,19.007803,0.237638,frame_008256
12.491825,19.025191,0.233223,frame_008260
12.149027,19.044391,0.226654,frame_008264
11.795252,19.063793,0.218112,frame_008268
11.438127,19.081785,0.208593,frame_008272
11.08009,19.096759,0.199641,frame_008276
10.727435,19.107104,0.19256,frame_008280
10.3768,19.111211,0.188034,frame_008284
10.017148,19.107469,0.186363,frame_008288
9.668998,19.102365,0.188868,frame_008292
9.316787,19.102365,0.194783,frame_008296
8.958382,19.102364,0.202843,frame_008300
8.599521,19.102364,0.211543,frame_008304
8.248141,19.102363,0.21902,frame_008308
7.887285,19.102363,0.224646,frame_008312
7.525434,19.102363,0.227916,frame_008316
7.162096,19.102362,0.228808,frame_008320
6.796017,19.102362,0.228018,frame_008324
6.43207,19.097258,0.22606,frame_008328
6.070434,19.093516,0.224342,frame_008332
5.705954,19.097623,0.224771,frame_008336
5.346553,19.107969,0.227285,frame_008340
4.982328,19.122943,0.231575,frame_008344
4.612367,19.140936,0.236771,frame_008348
4.247485,19.160337,0.242465,frame_008352
3.886754,19.179538,0.249502,frame_008356
3.518681,19.196927,0.256586,frame_008360
3.151994,19.210895,0.26145,frame_008364
2.787618,19.219832,0.263243,frame_008368
2.42248,19.222127,0.262948,frame_008372
2.060983,19.216172,0.261405,frame_008376
1.698425,19.213419,0.259837,frame_008380
1.331522,19.213419,0.259217,frame_008384
0.969339,19.213419,0.258132,frame_008388
0.598949,19.213419,0.258348,frame_008392
0.225562,19.213419,0.259612,frame_008396
-0.140005,19.208316,0.26235,frame_008400
-0.507655,19.204574,0.267175,frame_008404
-0.876218,19.208681,0.271297,frame_008408
-1.238401,19.219027,0.273788,frame_008412
-1.598903,19.234001,0.27486,frame_008416
-1.963094,19.251995,0.275774,frame_008420
-2.328371,19.271397,0.27703,frame_008424
-2.690033,19.290597,0.278179,frame_008428
-3.049718,19.307987,0.279378,frame_008432
-3.407708,19.321955,0.280334,frame_008436
-3.770133,19.330892,0.280734,frame_008440
-4.134385,19.333188,0.280593,frame_008444
-4.495592,19.327233,0.28047,frame_008448
-4.853573,19.324481,0.280649,frame_008452
-5.213486,19.324481,0.280458,frame_008456
-5.577393,19.324481,0.281094,frame_008460
-5.945784,19.324481,0.281434,frame_008464
-6.30729,19.324482,0.281318,frame_008468
-6.668497,19.324482,0.279853,frame_008472
-7.026349,19.324482,0.276941,frame_008476
-7.387432,19.324483,0.274097,frame_008480
-7.740378,19.324483,0.271715,frame_008484
-8.095558,19.324484,0.268065,frame_008488
-8.455104,19.324484,0.263389,frame_008492
-8.81328,19.324484,0.257691,frame_008496
-9.162148,19.324485,0.250585,frame_008500
-9.518665,19.324485,0.242981,frame_008504
-9.878211,19.319383,0.23446,frame_008508
-10.235641,19.315642,0.223921,frame_008512
-10.586337,19.319749,0.21249,frame_008516
-10.947253,19.330096,0.200035,frame_008520
-11.309707,19.34507,0.188577,frame_008524
-11.666189,19.363064,0.17996,frame_008528
-12.023285,19.382467,0.174025,frame_008532
-12.386914,19.401668,0.168737,frame_008536
-12.753083,19.419058,0.163926,frame_008540
-13.116055,19.433027,0.159804,frame_008544
-13.467892,19.441964,0.156519,frame_008548
-13.82555,19.444261,0.154809,frame_008552
-14.184411,19.433203,0.153485,frame_008556
-14.539329,19.426709,0.153954,frame_008560
-14.885686,19.430817,0.155961,frame_008564
-15.240436,19.441164,0.158205,frame_008568
-15.594898,19.456139,0.161622,frame_008572
-15.944451,19.474132,0.164315,frame_008576
-16.306052,19.493535,0.166057,frame_008580
-16.671018,19.512736,0.166956,frame_008584
-17.031839,19.530127,0.168076,frame_008588
-17.395101,19.544096,0.169888,frame_008592
-17.757003,19.553034,0.17313,frame_008596
-18.120274,19.55533,0.176703,frame_008600
-18.487647,19.549376,0.180202,frame_008604
-18.849219,19.546624,0.18518,frame_008608
-19.212162,19.546625,0.190447,frame_008612
-19.583645,19.546626,0.195311,frame_008616
-19.948414,19.546627,0.200839,frame_008620
-20.31364,19.546628,0.205205,frame_008624
-20.686494,19.546629,0.210994,frame_008628
-21.05172,19.54663,0.217306,frame_008632
-21.416489,19.546631,0.224307,frame_008636
-21.791833,19.546632,0.230974,frame_008640
-22.162797,19.545647,0.237824,frame_008644
-22.522495,19.538579,0.242873,frame_008648
-22.8815,19.538964,0.247493,frame_008652
-23.22895,19.547378,0.252725,frame_008656
-23.572816,19.56731,0.258358,frame_008660
-23.899001,19.583612,0.265218,frame_008664
-24.213168,19.595085,0.273153,frame_008668
-24.520926,19.601727,0.281543,frame_008672
-24.819521,19.603539,0.291814,frame_008676
-25.110041,19.600521,0.302567,frame_008680
-25.403522,19.592673,0.313016,frame_008684
-25.694145,19.579996,0.32119,frame_008688
-25.979198,19.561502,0.328193,frame_008692
-26.254355,19.535917,0.332587,frame_008696
-26.53275,19.530485,0.335959,frame_008700
-26.806626,19.539542,0.338089,frame_008704
-27.075057,19.559267,0.339092,frame_008708
-27.333003,19.575953,0.338937,frame_008712
-27.588402,19.594852,0.337913,frame_008716
-27.835073,19.614356,0.337491,frame_008720
-28.080292,19.632853,0.339121,frame_008724
-28.320951,19.648734,0.341785,frame_008728
-28.555304,19.660388,0.344892,frame_008732
-28.780138,19.666207,0.348501,frame_008736
-28.993034,19.663593,0.353989,frame_008740
-29.187341,19.649662,0.360405,frame_008744
-29.365506,19.650047,0.3677,frame_008748
-29.526011,19.657475,0.374249,frame_008752
-29.676251,19.667584,0.379806,frame_008756
-29.81738,19.678314,0.384261,frame_008760
-29.943167,19.699509,0.3876,frame_008764
-30.058891,19.725196,0.390084,frame_008768
-30.171454,19.751706,0.391161,frame_008772
-30.284689,19.780409,0.390834,frame_008776
-30.395827,19.818573,0.389998,frame_008780
-30.503198,19.858475,0.389283,frame_008784
-30.60313,19.899156,0.389406,frame_008788
-30.695788,19.936633,0.390141,frame_008792
-30.7753,19.9871,0.391522,frame_008796
-30.855188,20.048099,0.393117,frame_008800
-30.938896,20.116509,0.395178,frame_008804
-31.012958,20.185515,0.397256,frame_008808
-31.074564,20.262485,0.39867,frame_008812
-31.128703,20.345705,0.39893,frame_008816
-31.179918,20.434044,0.398185,frame_008820
-31.231951,20.526425,0.396944,frame_008824
-31.271111,20.626384,0.394555,frame_008828
-31.313524,20.724079,0.390838,frame_008832
-31.348206,20.835615,0.387094,frame_008836
-31.384599,20.950682,0.383404,frame_008840
-31.420555,21.091134,0.37991,frame_008844
-31.454334,21.246772,0.376809,frame_008848
-31.491304,21.416574,0.373964,frame_008852
-31.525297,21.587419,0.371879,frame_008856
-31.554543,21.780374,0.370856,frame_008860
-31.584425,21.987335,0.37085,frame_008864
-31.617911,22.198945,0.372381,frame_008868
-31.649977,22.417998,0.374973,frame_008872
-31.676713,22.651607,0.3779,frame_008876
-31.699757,22.891649,0.381389,frame_008880
-31.71606,23.141778,0.385501,frame_008884
-31.738336,23.396956,0.389383,frame_008888
-31.759074,23.664988,0.39284,frame_008892
-31.774782,23.932783,0.395707,frame_008896
-31.793265,24.201807,0.397885,frame_008900
-31.808232,24.479471,0.399814,frame_008904
-31.817408,24.773263,0.401672,frame_008908
-31.829816,25.064548,0.40355,frame_008912
-31.840381,25.366856,0.405456,frame_008916
-31.847141,25.686244,0.407826,frame_008920
-31.848876,26.015916,0.410475,frame_008924
-31.844369,26.346929,0.413251,frame_008928
-31.842285,26.690976,0.416055,frame_008932
-31.842284,27.047987,0.418936,frame_008936
-31.842282,27.418051,0.422023,frame_008940
-31.84228,27.804146,0.425345,frame_008944
-31.842279,28.214074,0.428603,frame_008948
-31.846137,28.655789,0.431281,frame_008952
-31.848966,29.114403,0.433724,frame_008956
-31.845857,29.584175,0.435836,frame_008960
-31.838028,30.088463,0.437664,frame_008964
-31.826698,30.604291,0.439395,frame_008968
-31.813084,31.136396,0.440776,frame_008972
-31.798404,31.68591,0.442435,frame_008976
-31.783876,32.254469,0.444766,frame_008980
-31.770719,32.833733,0.447803,frame_008984
-31.764821,33.424932,0.4517,frame_008988
-31.760064,34.04403,0.457026,frame_008992
-31.754544,34.701415,0.463202,frame_008996